row,age,income,members_in_household,loan_accounts,Savings,Mortgage,Pension,id
0,38,47958.0,4,1,0,0,0,44256
1,30,48606.0,2,4,0,0,0,46883
2,41,42152.0,4,0,0,0,0,32387
3,42,39788.0,3,3,0,0,0,25504
4,42,44365.0,6,2,0,1,0,35979
5,32,41128.0,7,0,0,0,0,29822
6,56,44432.0,5,0,0,0,0,36731
7,41,30969.0,7,1,0,0,0,8756
8,43,75001.0,6,4,1,1,0,112583
9,28,35457.0,7,2,0,1,0,18143
10,16,46586.0,5,0,0,0,0,41469
11,46,53199.0,4,0,1,0,0,55653
12,57,51000.0,1,0,0,0,0,50886
13,24,42440.0,4,1,0,0,0,32870
14,42,42426.0,7,1,0,0,0,33069
15,33,27577.0,6,1,0,0,0,5319
16,23,51023.0,7,1,0,0,0,50846
17,43,31035.0,6,0,0,0,0,8983
18,39,44402.0,4,1,0,0,0,36577
19,42,33138.0,5,0,0,0,0,13704
20,40,41959.0,2,0,0,0,0,31894
21,16,49836.0,4,1,0,0,0,48136
22,39,44427.0,6,2,0,1,0,35859
23,27,53182.0,4,1,1,0,0,55728
24,51,35919.0,1,2,0,0,0,18607
25,27,34167.0,5,0,0,0,0,15254
26,18,36765.0,7,1,0,0,0,19640
27,29,33938.0,4,1,0,0,0,15033
28,56,41145.0,1,0,0,0,1,29836
29,34,38903.0,7,0,0,0,0,24290
30,17,33884.0,7,1,0,0,0,15065
31,32,39844.0,5,0,0,0,0,25462
32,37,67520.0,3,2,1,0,0,94027
33,57,37492.0,1,0,0,0,1,20400
34,53,53318.0,3,2,1,0,0,56258
35,30,50690.0,6,3,0,1,0,49870
36,59,45675.0,2,1,0,0,0,39359
37,83,62854.0,2,2,0,0,1,82899
38,42,35081.0,4,2,0,0,0,16333
39,60,47942.0,5,0,0,0,0,43913
40,42,42002.0,2,3,0,0,0,31868
41,70,31933.0,6,0,0,0,1,10798
42,28,54619.0,4,0,1,0,0,58943
43,43,41787.0,4,1,0,0,0,31159
44,25,49948.0,7,1,0,0,0,48467
45,39,45716.0,2,3,0,0,0,39240
46,49,50216.0,2,0,1,0,0,49240
47,48,53378.0,2,0,1,0,0,56527
48,44,40996.0,2,0,0,0,0,28397
49,57,35358.0,5,0,0,0,1,17899
50,58,42323.0,5,1,0,0,1,32630
51,42,44023.0,7,0,0,0,0,35583
52,33,45397.0,7,1,0,0,0,38187
53,39,36769.0,4,0,0,0,0,19623
54,43,38010.0,7,0,0,0,0,21416
55,46,32201.0,5,0,0,0,0,12811
56,33,32697.0,7,1,0,0,0,13322
57,38,50592.0,3,0,1,0,0,49448
58,45,52561.0,4,2,1,0,0,54859
59,21,23064.0,7,0,0,0,0,1607
60,30,54766.0,3,0,1,0,0,59240
61,23,50308.0,2,3,0,0,0,49387
62,45,45351.0,2,7,0,1,0,37926
63,47,57006.0,4,1,1,0,0,69249
64,39,35403.0,2,2,0,0,0,17637
65,17,28283.0,5,0,0,0,0,5626
66,56,52828.0,2,0,1,0,0,55370
67,41,51655.0,7,2,1,1,0,52641
68,38,46630.0,5,4,0,1,0,41795
69,34,35297.0,4,0,0,0,0,17024
70,47,48033.0,2,0,1,0,0,45025
71,24,27599.0,7,1,0,0,0,5324
72,84,39118.0,3,0,0,0,1,24658
73,43,50552.0,5,0,1,0,0,49820
74,63,39763.0,1,0,0,0,1,25402
75,41,37866.0,7,0,0,0,0,21404
76,33,21834.0,2,2,0,0,0,1192
77,44,38052.0,6,0,0,0,0,22312
78,59,41016.0,2,2,0,0,0,28259
79,46,51321.0,6,0,1,0,0,51440
80,32,50630.0,3,3,0,0,0,49593
81,23,28288.0,3,1,0,0,0,6330
82,50,51902.0,1,2,1,0,0,53415
83,33,45478.0,2,4,0,0,0,38406
84,33,35069.0,6,0,0,0,0,16395
85,67,36889.0,3,1,0,0,1,19682
86,51,34494.0,5,0,0,0,0,15394
87,61,39029.0,4,0,0,0,0,24646
88,56,35150.0,1,1,0,0,1,16705
89,43,38012.0,3,0,0,0,0,21642
90,40,38751.0,7,3,0,1,0,23926
91,46,35903.0,7,0,0,0,0,18487
92,33,33342.0,7,0,0,0,0,14102
93,37,28708.0,3,0,0,0,0,6633
94,46,42260.0,4,5,0,1,0,32634
95,46,28674.0,3,0,0,0,0,6628
96,44,38245.0,5,2,0,1,0,22766
97,42,26970.0,4,0,0,0,0,4770
98,40,45364.0,7,0,0,0,0,38249
99,19,61817.0,6,0,1,0,0,79547
100,46,34847.0,5,4,0,1,0,15825
101,74,19774.0,1,1,0,0,1,663
102,36,36681.0,4,0,0,0,0,19456
103,57,70235.0,5,0,1,0,1,101881
104,45,46630.0,2,1,0,0,0,42142
105,29,65327.0,4,1,1,0,0,90078
106,23,44358.0,6,1,0,0,0,36524
107,64,20479.0,3,1,0,0,1,931
108,27,46143.0,4,2,0,0,0,40205
109,37,26969.0,3,0,0,0,0,4890
110,50,31972.0,3,2,0,0,0,11628
111,58,52582.0,1,0,0,0,0,54533
112,38,52478.0,5,3,1,1,0,54382
113,33,55376.0,6,1,1,0,0,62092
114,41,29036.0,6,4,0,1,0,6880
115,47,40216.0,6,3,0,1,0,26677
116,37,40362.0,4,3,0,1,0,27014
117,25,55336.0,7,1,0,0,0,61671
118,47,46208.0,3,1,0,0,0,40533
119,34,63451.0,5,0,1,0,0,83809
120,45,38868.0,6,4,0,1,0,24092
121,21,28164.0,6,2,0,1,0,5549
122,57,42531.0,6,0,0,0,0,33249
123,30,51339.0,4,2,0,0,0,51469
124,19,29936.0,6,0,0,0,0,7521
125,53,24993.0,4,0,0,0,1,2418
126,37,54117.0,7,1,0,0,0,57672
127,32,39384.0,6,2,0,1,0,25159
128,16,43349.0,3,0,0,0,0,34895
129,36,39404.0,5,1,0,0,0,25187
130,38,32037.0,2,1,0,0,0,11654
131,35,38244.0,6,0,0,0,0,22592
132,35,32524.0,3,1,0,0,0,13252
133,40,70904.0,3,3,0,1,0,104959
134,36,28560.0,2,0,0,0,0,6566
135,40,42341.0,2,0,0,0,0,32597
136,45,26896.0,4,1,0,0,0,4085
137,42,41279.0,7,0,0,0,0,30444
138,19,45301.0,3,1,0,0,0,37739
139,36,55342.0,7,1,1,0,0,61690
140,45,50232.0,7,3,1,1,0,49337
141,39,52632.0,7,4,0,1,0,54848
142,39,44433.0,5,0,0,0,0,36111
143,67,50240.0,4,0,0,0,1,49309
144,37,32357.0,2,3,0,0,0,13007
145,38,49050.0,2,0,1,0,0,47464
146,46,41268.0,6,0,0,0,0,30102
147,38,54573.0,2,0,1,0,0,59043
148,54,50766.0,4,0,1,0,0,49983
149,16,41392.0,5,0,0,0,0,30584
150,30,43097.0,4,0,0,0,0,34658
151,40,53176.0,7,0,1,0,0,55930
152,47,55329.0,4,1,1,0,0,61594
153,39,55001.0,4,3,1,1,0,60103
154,40,29681.0,5,0,0,0,0,7200
155,51,43768.0,6,0,0,0,0,35314
156,57,31474.0,4,1,0,0,1,10105
157,30,47414.0,7,3,0,1,0,43725
158,27,47984.0,7,1,0,0,0,45474
159,45,50710.0,7,1,1,0,0,49824
160,38,38501.0,3,1,0,0,0,23644
161,24,49185.0,3,0,0,0,0,47771
162,50,28289.0,4,2,0,0,0,5956
163,36,33328.0,6,1,0,0,0,13964
164,33,38158.0,3,0,0,0,0,23170
165,35,39841.0,6,1,0,0,0,25352
166,29,32682.0,5,0,0,0,0,13338
167,69,48055.0,6,3,0,1,1,45783
168,29,25124.0,2,0,0,0,0,2605
169,59,48706.0,1,2,1,0,1,47278
170,14,39234.0,3,0,0,0,0,24694
171,35,50245.0,3,0,1,0,0,49293
172,32,21029.0,6,0,0,0,0,1071
173,34,50470.0,4,1,0,0,0,49418
174,64,46131.0,3,0,0,0,0,40360
175,33,43216.0,5,4,0,1,0,34737
176,53,35118.0,5,1,0,0,0,16695
177,36,54449.0,3,0,1,0,0,58456
178,43,51929.0,6,2,1,1,0,53226
179,46,46205.0,4,1,0,0,0,40524
180,40,55330.0,4,2,1,0,0,60877
181,33,38461.0,7,1,0,0,0,23778
182,63,23562.0,2,0,0,0,1,1893
183,18,42436.0,2,1,0,0,0,32988
184,26,59102.0,3,3,1,0,0,73798
185,69,44408.0,1,0,0,0,1,36208
186,39,37468.0,4,1,0,0,0,20776
187,52,51676.0,4,0,1,0,0,52777
188,34,50940.0,6,0,0,0,0,50676
189,29,37492.0,6,0,0,0,0,20570
190,34,50226.0,7,0,0,0,0,49188
191,43,31962.0,3,5,0,1,0,11395
192,30,37502.0,4,0,0,0,0,20631
193,46,61968.0,7,5,1,1,0,80240
194,34,55346.0,3,0,1,0,0,61458
195,43,36444.0,6,0,0,0,0,19214
196,40,48070.0,7,1,1,0,0,45843
197,37,56562.0,7,2,1,1,0,67667
198,20,54919.0,7,0,1,0,0,59723
199,36,45721.0,6,0,0,0,0,39296
200,41,54860.0,7,1,1,0,0,59897
201,86,25112.0,6,1,0,0,1,2487
202,43,37993.0,5,0,0,0,0,21588
203,45,39847.0,7,0,0,0,0,25455
204,29,54044.0,3,2,1,0,0,57586
205,26,48537.0,4,1,0,0,0,46404
206,42,33339.0,6,0,0,0,0,14095
207,24,40910.0,3,4,0,1,0,27800
208,42,69682.0,7,2,1,1,0,100914
209,36,55077.0,2,0,1,0,0,60385
210,24,31868.0,3,3,0,0,0,10552
211,18,46611.0,2,3,0,0,0,41878
212,44,55278.0,5,0,1,0,0,60929
213,52,41287.0,4,2,0,0,0,30226
214,57,65214.0,3,0,1,0,1,89697
215,47,39622.0,5,0,0,0,0,25301
216,35,55284.0,3,0,1,0,0,61538
217,22,46523.0,3,1,0,0,0,40837
218,59,55954.0,3,1,1,0,0,64637
219,48,48050.0,5,0,1,0,0,45480
220,38,53622.0,7,0,1,0,0,56837
221,35,41270.0,7,0,0,0,0,30386
222,55,70156.0,3,1,1,0,1,101794
223,34,48581.0,4,2,0,0,0,46960
224,51,64731.0,1,2,1,0,0,86462
225,70,31933.0,6,0,0,0,1,10798
226,36,30830.0,2,3,0,0,0,8678
227,31,55915.0,3,0,0,0,1,64224
228,33,46603.0,2,4,0,0,0,41191
229,32,52411.0,3,1,0,0,0,54022
230,50,28289.0,4,2,0,0,0,5956
231,41,33903.0,5,3,0,1,0,14913
232,41,53992.0,7,0,1,0,0,57592
233,24,47413.0,7,4,0,1,0,43719
234,50,55499.0,6,2,1,0,0,62560
235,41,46590.0,2,0,0,0,0,41569
236,36,31706.0,2,4,0,0,0,10470
237,25,55273.0,3,1,1,0,0,61402
238,79,31329.0,4,0,0,0,1,9615
239,24,56622.0,4,1,1,0,0,67345
240,44,54953.0,4,1,1,0,0,60298
241,45,54862.0,7,7,1,1,0,59695
242,40,34698.0,3,0,0,0,0,15451
243,45,42224.0,7,0,0,0,0,32509
244,49,28322.0,6,3,0,1,0,5711
245,38,46526.0,4,0,0,0,0,40627
246,34,50510.0,3,0,0,0,0,49424
247,30,31043.0,6,0,0,0,0,8863
248,32,33962.0,5,0,0,0,0,15113
249,43,33647.0,7,0,0,0,0,14238
250,21,50083.0,6,1,0,0,0,49105
251,43,29739.0,4,3,0,1,0,7289
252,46,38498.0,3,3,0,0,0,23546
253,38,48612.0,7,0,1,0,0,47070
254,17,50905.0,4,3,0,1,0,50337
255,38,39274.0,7,0,0,0,0,24914
256,28,41548.0,4,0,0,0,0,30646
257,54,28258.0,3,2,0,0,0,6416
258,59,54598.0,2,0,1,0,0,59034
259,29,35853.0,7,1,0,0,0,18463
260,34,39832.0,2,4,0,0,0,25630
261,32,51509.0,5,0,0,0,0,52155
262,59,42666.0,5,1,0,0,1,34429
263,39,55284.0,3,1,1,0,0,61536
264,26,53713.0,2,0,1,0,0,56962
265,38,52574.0,2,0,1,0,0,54658
266,38,55505.0,5,2,0,0,0,62349
267,43,48041.0,6,0,1,0,0,45630
268,48,46024.0,5,0,0,0,0,40063
269,33,30117.0,5,0,0,0,0,8158
270,28,50141.0,3,0,1,0,0,48833
271,34,43760.0,6,0,0,0,0,35479
272,40,48035.0,3,1,1,0,0,45170
273,25,35375.0,5,2,0,0,0,18046
274,40,54913.0,2,0,1,0,0,60061
275,19,71457.0,3,0,1,0,0,107860
276,17,54911.0,3,0,1,0,0,60067
277,23,44449.0,5,2,0,0,0,36050
278,20,45957.0,2,0,0,0,0,40169
279,27,40034.0,7,0,0,0,0,26486
280,34,48518.0,6,0,0,0,0,46414
281,43,35845.0,2,0,0,0,0,18229
282,32,47204.0,3,0,0,0,0,43347
283,49,38142.0,5,2,0,0,0,22420
284,45,38152.0,3,0,0,0,0,22557
285,47,26963.0,3,1,0,0,0,4903
286,79,52529.0,5,1,0,0,1,54155
287,41,40740.0,5,1,0,0,0,27341
288,30,32396.0,6,0,0,0,0,12953
289,22,44416.0,5,2,0,0,0,36253
290,30,33143.0,6,1,0,0,0,13762
291,47,53424.0,3,1,1,0,0,56548
292,47,31851.0,2,4,0,0,0,11005
293,34,30033.0,4,1,0,0,0,7704
294,27,52740.0,2,0,0,0,0,55190
295,24,50054.0,6,0,0,0,0,49028
296,41,48333.0,5,0,1,0,0,46049
297,40,51031.0,4,0,1,0,0,50961
298,47,17790.0,7,0,0,0,0,260
299,36,30507.0,4,1,0,0,0,8406
300,51,50862.0,3,0,1,0,0,50491
301,37,55535.0,3,1,0,0,0,62553
302,19,48668.0,2,0,0,0,0,47264
303,47,45978.0,7,1,0,0,0,39982
304,45,36348.0,6,1,0,0,0,19071
305,36,38710.0,3,1,0,0,0,23817
306,81,35273.0,1,0,0,0,1,17184
307,52,54381.0,1,2,1,0,1,58377
308,44,36655.0,4,1,0,0,0,19452
309,27,30367.0,6,2,0,1,0,8355
310,40,47972.0,3,1,0,0,0,44585
311,34,54083.0,5,5,1,1,0,57742
312,32,42005.0,3,2,0,0,0,31879
313,56,48589.0,5,2,1,0,1,46990
314,52,44364.0,5,2,0,0,0,36048
315,35,28614.0,5,3,0,1,0,6562
316,35,30387.0,3,3,0,0,0,8383
317,40,23100.0,6,1,0,0,0,1680
318,34,26984.0,4,0,0,0,0,4723
319,35,53590.0,2,1,1,0,0,56924
320,43,41102.0,6,0,0,0,0,29925
321,48,45410.0,4,0,0,0,0,38064
322,41,51921.0,4,1,1,0,0,53523
323,33,44077.0,4,0,0,0,0,35757
324,31,55078.0,7,4,1,1,0,60518
325,15,42722.0,4,1,0,0,0,34103
326,23,53566.0,4,1,1,0,0,56807
327,49,32917.0,3,0,0,0,0,13581
328,19,45989.0,4,0,0,0,0,39872
329,50,42383.0,5,3,0,1,0,33032
330,26,35864.0,4,1,0,0,0,18354
331,22,39410.0,7,1,0,0,0,25181
332,30,41242.0,6,0,0,0,0,30084
333,40,28531.0,4,4,0,1,0,6494
334,42,26324.0,5,0,0,0,0,3807
335,57,40994.0,2,0,0,0,0,28103
336,34,67065.0,5,1,1,0,0,93496
337,33,35130.0,2,3,0,0,0,16484
338,24,37549.0,6,4,0,1,0,20425
339,31,54027.0,3,1,1,0,0,57107
340,34,29698.0,6,1,0,0,0,7232
341,44,18793.0,7,1,0,0,0,607
342,52,47968.0,4,4,1,1,0,44342
343,51,42705.0,2,1,0,0,0,34314
344,66,48301.0,5,0,0,0,1,46151
345,24,32153.0,6,1,0,0,0,11966
346,45,50905.0,4,3,1,1,0,50336
347,18,34959.0,6,3,0,1,0,16312
348,58,37503.0,2,0,0,0,0,20624
349,51,45402.0,3,5,0,1,0,37901
350,34,46072.0,7,1,0,0,0,40191
351,55,54374.0,5,0,1,0,1,58335
352,37,37515.0,2,0,0,0,0,20842
353,31,27870.0,7,4,0,1,0,5448
354,35,35444.0,3,0,0,0,0,17849
355,28,35040.0,3,0,0,0,0,16257
356,40,52196.0,3,0,1,0,0,53706
357,30,54345.0,6,0,1,0,0,57929
358,33,26080.0,7,1,0,0,0,3340
359,37,49032.0,4,5,0,1,0,47454
360,12,37904.0,7,1,0,0,0,21081
361,41,45437.0,7,0,0,0,0,38178
362,27,26150.0,6,0,0,0,0,3292
363,58,27290.0,2,1,0,0,0,5227
364,24,42049.0,7,4,0,1,0,31483
365,35,38165.0,2,0,0,0,0,22994
366,33,33919.0,4,1,0,0,0,14769
367,54,62772.0,2,4,1,0,0,82840
368,32,54049.0,7,0,1,0,0,57124
369,35,48037.0,7,0,1,0,0,44712
370,40,55352.0,5,0,1,0,0,62127
371,44,17751.0,4,0,0,0,0,340
372,26,55519.0,4,0,0,0,0,62171
373,56,48395.0,6,4,1,1,0,46225
374,29,48242.0,5,0,0,0,0,46036
375,61,54186.0,2,0,0,0,0,57783
376,28,45699.0,5,5,0,1,0,39368
377,36,38859.0,5,1,0,0,0,24309
378,43,54361.0,3,2,1,0,0,58533
379,42,39801.0,3,1,0,0,0,25654
380,53,53959.0,4,1,1,0,0,57642
381,36,47987.0,6,2,0,1,0,45103
382,38,50799.0,6,2,1,1,0,49975
383,30,35884.0,3,2,0,0,0,18731
384,20,29045.0,7,0,0,0,0,6847
385,20,63812.0,3,1,1,0,0,84049
386,31,44425.0,2,1,0,0,0,36289
387,50,40752.0,2,1,0,0,0,27498
388,29,44375.0,7,2,0,1,0,36052
389,55,55405.0,6,1,1,0,1,62091
390,30,35091.0,4,0,0,0,0,16591
391,26,31919.0,2,1,0,0,0,10700
392,45,52531.0,3,0,1,0,0,54360
393,45,46581.0,7,0,0,0,0,42354
394,41,26938.0,6,7,0,1,0,4066
395,27,45674.0,5,0,0,0,0,39039
396,27,44449.0,5,0,0,0,0,36338
397,46,25364.0,6,1,0,0,0,2755
398,61,44416.0,4,0,0,0,0,35874
399,25,40987.0,2,0,0,0,0,28242
400,52,28329.0,4,1,0,0,0,5855
401,56,30141.0,3,2,0,0,0,8099
402,21,38542.0,4,0,0,0,0,23640
403,50,29684.0,6,0,0,0,0,7169
404,37,28252.0,2,0,0,0,0,6424
405,45,55377.0,1,0,1,0,0,61965
406,39,55065.0,3,1,1,0,0,60382
407,20,41059.0,4,0,0,0,0,29396
408,53,50643.0,2,1,1,0,0,49803
409,39,56986.0,2,0,1,0,0,69086
410,45,38115.0,6,1,0,0,0,22139
411,27,40704.0,4,7,0,1,0,27370
412,39,42426.0,5,1,0,0,0,32803
413,36,55535.0,5,0,0,0,0,62155
414,33,36265.0,7,3,0,1,0,19054
415,37,43804.0,4,1,0,0,0,35318
416,34,37861.0,2,1,0,0,0,21119
417,45,54996.0,2,1,1,0,0,60134
418,71,55483.0,2,2,0,0,1,62500
419,40,42352.0,5,4,0,1,0,33041
420,56,48107.0,1,1,1,0,0,45838
421,35,45468.0,5,1,0,0,0,38404
422,33,45385.0,6,0,0,0,0,38106
423,50,27040.0,4,4,0,1,0,4393
424,44,35367.0,7,0,0,0,0,17701
425,40,54066.0,7,4,1,1,0,57703
426,37,32093.0,2,0,0,0,0,11900
427,49,27030.0,2,0,0,0,0,4885
428,33,55341.0,6,0,1,0,0,61491
429,30,38461.0,5,1,0,0,0,23551
430,36,45884.0,6,1,0,0,0,39713
431,44,55258.0,7,3,1,1,0,60893
432,37,55573.0,5,1,0,0,0,62909
433,55,42246.0,1,0,0,0,1,32261
434,51,54402.0,4,0,1,0,0,58576
435,29,52690.0,2,0,0,0,0,55267
436,34,35375.0,7,0,0,0,0,17789
437,34,41625.0,7,1,0,0,0,30932
438,32,35391.0,6,1,0,0,0,17635
439,36,39347.0,6,0,0,0,0,25002
440,35,35370.0,6,0,0,0,0,17952
441,35,46469.0,5,1,0,0,0,40860
442,72,39869.0,4,1,0,0,1,25780
443,44,45426.0,4,0,0,0,0,37885
444,51,36744.0,4,0,0,0,0,19500
445,35,29920.0,3,2,0,0,0,7477
446,42,46154.0,2,2,0,0,0,40493
447,39,35435.0,5,0,0,0,0,17574
448,41,48981.0,4,2,1,0,0,47407
449,36,23097.0,3,1,0,0,0,1655
450,46,42744.0,7,0,0,0,0,33968
451,43,47951.0,4,0,1,0,0,44373
452,17,47981.0,7,0,1,0,0,45174
453,30,26983.0,4,0,0,0,0,4670
454,26,22488.0,5,0,0,0,0,1342
455,32,53215.0,4,0,1,0,0,56134
456,49,48525.0,4,0,1,0,0,46468
457,47,23471.0,4,5,0,1,0,1817
458,45,44392.0,5,0,0,0,0,35943
459,41,26095.0,2,0,0,0,0,3362
460,29,49864.0,5,0,1,0,0,48494
461,40,37991.0,2,0,0,0,0,21866
462,82,37944.0,3,1,0,0,0,21327
463,39,55065.0,3,1,1,0,0,60382
464,33,27013.0,2,0,0,0,0,4331
465,36,52378.0,4,2,0,0,0,53921
466,39,46581.0,3,1,0,0,0,41247
467,45,55618.0,3,0,1,0,0,62925
468,20,30149.0,2,3,0,0,0,8105
469,47,49515.0,4,2,1,0,0,48007
470,46,53432.0,2,3,1,0,0,56624
471,34,69213.0,7,1,1,0,0,98078
472,38,54139.0,2,5,0,0,0,57685
473,26,50922.0,5,0,0,0,0,50469
474,36,51746.0,3,0,0,0,0,52924
475,30,51336.0,7,1,0,0,0,51510
476,37,35890.0,6,0,0,0,0,18559
477,14,38923.0,2,0,0,0,0,24257
478,39,51070.0,7,1,1,0,0,51299
479,29,38436.0,4,0,0,0,0,23275
480,43,50985.0,2,4,1,0,0,50892
481,35,45683.0,2,2,0,0,0,39243
482,31,46142.0,7,1,0,0,0,40174
483,50,50873.0,6,1,1,0,0,50445
484,40,40008.0,5,3,0,1,0,26501
485,44,42683.0,7,0,0,0,0,34114
486,37,53230.0,5,1,1,0,0,55704
487,86,40312.0,1,2,0,0,1,26893
488,22,43341.0,7,4,0,1,0,35063
489,18,45512.0,3,1,0,0,0,38730
490,35,31965.0,5,0,0,0,0,11557
491,35,39821.0,4,0,0,0,0,25611
492,34,48041.0,5,2,0,0,0,45506
493,30,41150.0,2,0,0,0,0,29539
494,35,47229.0,5,3,0,1,0,43320
495,40,29743.0,2,1,0,0,0,7182
496,53,30138.0,3,1,0,0,0,8080
497,46,48558.0,5,1,1,0,0,47082
498,24,44383.0,4,1,0,0,0,36095
499,33,38096.0,4,1,0,0,0,22320
500,41,23856.0,3,3,0,0,0,2010
501,44,52721.0,7,0,1,0,0,55271
502,54,41365.0,5,1,1,0,1,30589
503,49,46561.0,3,0,0,0,0,42482
504,47,51536.0,3,0,1,0,0,52544
505,56,28279.0,3,1,0,0,0,5969
506,52,39886.0,2,2,0,0,0,25778
507,37,27027.0,3,0,0,0,0,4302
508,54,64729.0,5,1,1,0,0,86597
509,32,41319.0,2,3,0,0,0,30196
510,18,34778.0,5,0,0,0,0,15735
511,34,43747.0,4,2,0,0,0,35174
512,40,46019.0,4,1,0,0,0,40146
513,30,47981.0,7,0,0,0,0,45181
514,31,33632.0,4,0,0,0,0,14255
515,49,28338.0,1,0,0,0,0,5762
516,38,45885.0,3,0,0,0,0,39675
517,20,53179.0,7,1,1,0,0,56114
518,44,26189.0,6,1,0,0,0,3561
519,44,29814.0,4,0,0,0,0,7402
520,36,28636.0,5,1,0,0,0,6610
521,31,31934.0,7,0,0,0,0,10979
522,44,65102.0,4,0,1,0,0,88919
523,43,38783.0,5,0,0,0,0,23920
524,48,34847.0,4,0,0,0,0,15826
525,41,43321.0,6,1,0,0,0,34840
526,45,36882.0,4,1,0,0,0,19691
527,25,43764.0,6,2,0,0,0,35372
528,41,38392.0,3,0,0,0,0,23291
529,40,26991.0,3,2,0,0,0,4411
530,65,55607.0,2,1,0,0,0,62701
531,37,34585.0,7,0,0,0,0,15414
532,40,41771.0,6,2,0,1,0,31051
533,26,38944.0,2,1,0,0,0,24079
534,40,46109.0,6,1,0,0,0,40264
535,38,48536.0,6,0,1,0,0,46279
536,41,53220.0,5,1,1,0,0,55973
537,33,42351.0,4,3,0,1,0,32943
538,27,39820.0,6,1,0,0,0,25363
539,39,47381.0,3,0,0,0,0,43730
540,44,54879.0,7,0,1,0,0,59422
541,54,65786.0,1,1,1,0,0,90674
542,44,67529.0,5,0,1,0,0,94035
543,57,47996.0,6,1,1,0,0,45108
544,35,31555.0,4,7,0,1,0,10373
545,47,46951.0,6,0,0,0,0,42978
546,27,54579.0,7,0,0,0,0,58989
547,56,33705.0,6,2,0,0,0,14576
548,46,45686.0,6,1,0,0,0,39429
549,34,63833.0,7,0,1,0,0,84722
550,48,53378.0,2,0,1,0,0,56527
551,34,28320.0,7,1,0,0,0,5981
552,19,25885.0,4,2,0,0,0,3102
553,50,29739.0,4,2,0,0,0,7167
554,32,38795.0,6,2,0,1,0,23931
555,35,72946.0,6,0,1,0,0,109671
556,45,51382.0,2,2,1,0,0,51830
557,34,40684.0,3,0,0,0,0,27359
558,31,38152.0,7,2,0,1,0,22517
559,32,46560.0,7,1,0,0,0,42267
560,34,46010.0,7,0,0,0,0,40170
561,24,55056.0,7,3,1,1,0,60367
562,40,52588.0,3,0,1,0,0,54986
563,46,33262.0,2,0,0,0,0,13871
564,37,41085.0,4,2,0,0,0,29654
565,43,54996.0,6,1,1,0,0,60310
566,28,26479.0,6,0,0,0,0,3963
567,30,37894.0,5,1,0,0,0,21407
568,50,55096.0,4,0,1,0,0,60432
569,27,39820.0,6,1,0,0,0,25363
570,36,42689.0,6,1,0,0,0,34441
571,31,28259.0,2,3,0,0,0,6320
572,51,50999.0,4,2,1,0,0,50917
573,48,39288.0,4,0,0,0,0,24859
574,41,44366.0,4,0,0,0,0,36644
575,28,45068.0,5,0,0,0,0,37449
576,37,69164.0,7,1,1,0,0,98799
577,41,44109.0,7,0,0,0,0,35698
578,50,45677.0,3,0,0,0,0,39313
579,48,25647.0,1,2,0,0,0,2895
580,48,53165.0,3,0,1,0,0,56120
581,38,42584.0,7,0,0,0,0,33794
582,39,38093.0,5,2,0,1,0,22333
583,35,28279.0,4,1,0,0,0,5974
584,37,41761.0,4,0,0,0,0,31126
585,32,39867.0,5,1,0,0,0,25686
586,17,49921.0,6,4,0,1,0,48671
587,44,32222.0,4,4,0,1,0,12116
588,49,39921.0,1,1,0,0,0,26078
589,37,46078.0,5,0,0,0,0,40392
590,46,26969.0,3,4,0,1,0,4891
591,43,40894.0,7,3,0,1,0,27960
592,37,41849.0,4,0,0,0,0,31263
593,47,44382.0,2,5,0,1,0,36811
594,34,50510.0,3,0,0,0,0,49424
595,37,46630.0,6,0,0,0,0,42378
596,38,46526.0,4,0,0,0,0,40627
597,52,53193.0,1,1,1,0,0,55811
598,33,55271.0,2,2,1,0,0,61307
599,47,41018.0,2,1,0,0,0,28762
600,46,51344.0,4,0,1,0,0,51578
601,29,34349.0,5,0,0,0,0,15277
602,39,31153.0,6,1,0,0,0,9529
603,29,43172.0,2,0,0,0,0,34677
604,30,37707.0,6,1,0,0,0,20897
605,37,55317.0,6,0,1,0,0,61304
606,39,77083.0,6,1,1,0,0,115709
607,25,42290.0,6,0,0,0,0,32590
608,26,26965.0,2,0,0,0,0,4362
609,27,54897.0,6,2,0,0,0,59597
610,48,55447.0,2,0,1,0,0,61877
611,28,38968.0,6,0,0,0,0,24524
612,31,26189.0,6,1,0,0,0,3441
613,22,42177.0,6,4,0,1,0,32231
614,40,37987.0,3,0,0,0,0,22052
615,22,30953.0,6,4,0,1,0,9239
616,52,51924.0,6,2,1,0,0,53342
617,39,40307.0,7,1,0,0,0,26842
618,40,42663.0,2,2,0,0,0,33981
619,44,50073.0,2,2,1,0,0,48856
620,42,15562.0,7,2,0,1,0,155
621,20,46618.0,4,1,0,0,0,42009
622,43,45122.0,5,0,0,0,0,37501
623,65,36300.0,4,0,0,0,1,19108
624,31,47969.0,5,0,0,0,0,44888
625,47,33877.0,3,2,0,0,0,14993
626,30,19856.0,3,0,0,0,0,765
627,37,50971.0,5,0,1,0,0,51026
628,40,42695.0,3,1,0,0,0,34267
629,70,31467.0,1,0,0,0,1,10017
630,42,51891.0,5,0,1,0,0,53124
631,65,42034.0,2,3,0,0,1,31535
632,39,41623.0,4,0,0,0,0,30818
633,36,51854.0,3,0,0,0,0,53170
634,39,21542.0,6,1,0,0,0,1143
635,40,31853.0,7,1,0,0,0,10584
636,45,55975.0,2,0,1,0,0,65164
637,39,41759.0,7,0,0,0,0,31256
638,33,66958.0,5,1,1,0,0,93099
639,27,40697.0,5,0,0,0,0,27309
640,22,53433.0,2,5,1,1,0,56642
641,26,26144.0,4,0,0,0,0,3192
642,36,42570.0,4,0,0,0,0,33788
643,35,53585.0,6,1,1,0,0,56772
644,36,29713.0,3,1,0,0,0,7259
645,35,45262.0,6,1,0,0,0,37786
646,25,46509.0,3,0,0,0,0,40641
647,61,29092.0,5,2,0,0,1,6984
648,49,47057.0,5,0,1,0,0,43213
649,42,39872.0,6,3,0,1,0,26183
650,30,31057.0,5,0,0,0,0,9487
651,49,61880.0,2,0,1,0,0,80117
652,32,54773.0,3,0,1,0,0,59276
653,28,43296.0,4,0,0,0,0,35079
654,26,27207.0,5,3,0,1,0,5135
655,34,50970.0,2,2,0,0,0,50817
656,40,17751.0,4,0,0,0,0,332
657,18,32075.0,3,6,0,1,0,11877
658,39,47102.0,4,2,0,0,0,43265
659,20,53336.0,6,1,1,0,0,56318
660,36,38004.0,6,0,0,0,0,21436
661,62,55307.0,5,0,1,0,0,60863
662,34,48497.0,2,0,0,0,0,46482
663,48,35403.0,2,1,0,0,0,17640
664,42,44015.0,5,6,0,1,0,35549
665,29,48002.0,2,0,0,0,0,45749
666,39,25233.0,5,1,0,0,1,2691
667,25,28316.0,6,0,0,0,0,6014
668,30,37816.0,4,0,0,0,0,21010
669,41,55349.0,7,1,1,0,0,60897
670,46,26957.0,2,0,0,0,0,4584
671,60,39848.0,2,2,0,0,0,25476
672,42,37501.0,4,0,0,0,0,20305
673,53,45478.0,5,0,0,0,0,38668
674,34,24688.0,2,0,0,0,0,2306
675,33,48324.0,6,0,0,0,0,46070
676,42,67374.0,7,0,1,0,0,93800
677,67,55266.0,1,0,0,0,0,60671
678,60,45431.0,1,0,0,0,1,38284
679,52,48614.0,1,1,1,0,0,46665
680,49,57530.0,2,0,1,0,0,70108
681,27,41569.0,2,1,0,0,0,30775
682,46,35338.0,5,2,0,1,0,17199
683,74,50242.0,1,0,0,0,1,49178
684,53,69625.0,6,0,1,0,0,100544
685,27,43113.0,2,1,0,0,0,34639
686,45,47146.0,4,2,1,0,0,43209
687,49,32411.0,3,0,0,0,0,13145
688,52,39674.0,4,0,0,0,0,25328
689,20,52377.0,5,0,0,0,0,54027
690,36,36404.0,2,0,0,0,0,19271
691,41,26980.0,4,1,0,0,0,5011
692,24,41963.0,5,0,0,0,0,31851
693,21,52372.0,7,1,0,0,0,53960
694,39,41018.0,2,2,0,0,0,28763
695,35,41117.0,5,0,0,0,0,29713
696,43,71793.0,4,0,1,0,0,109007
697,24,38012.0,5,2,0,0,0,21751
698,42,26993.0,3,0,0,0,0,4176
699,47,38040.0,6,1,0,0,0,21688
700,19,34996.0,2,1,0,0,0,16217
701,39,47971.0,2,0,0,0,0,44197
702,34,46618.0,6,0,0,0,0,41968
703,48,32296.0,7,1,0,0,0,12831
704,43,50892.0,4,2,1,0,0,50525
705,73,37995.0,2,0,0,0,0,21970
706,37,46156.0,7,0,0,0,0,40551
707,30,32181.0,3,0,0,0,0,12698
708,52,53984.0,4,1,1,0,0,57620
709,44,30037.0,7,1,0,0,0,7849
710,30,47999.0,4,0,0,0,0,44073
711,41,31924.0,5,0,0,0,0,10989
712,29,31045.0,4,0,0,0,0,9070
713,50,43274.0,6,0,0,0,0,34942
714,38,42644.0,4,1,1,0,0,33718
715,30,38127.0,5,1,0,0,0,22232
716,67,52695.0,3,0,1,0,1,55222
717,52,37519.0,5,0,0,0,0,20678
718,37,35447.0,4,0,0,0,0,17489
719,33,42411.0,7,1,0,0,0,33098
720,29,28141.0,3,1,0,0,0,5510
721,41,46766.0,6,1,1,0,0,42667
722,35,69620.0,5,2,1,0,0,100766
723,35,41270.0,7,0,0,0,0,30386
724,61,33912.0,6,0,0,0,0,14651
725,30,58569.0,7,1,1,0,0,72044
726,48,35403.0,2,1,0,0,0,17640
727,47,51932.0,2,1,1,0,0,53251
728,42,29784.0,6,0,0,0,0,7320
729,40,55352.0,5,0,1,0,0,62127
730,12,34800.0,4,3,0,1,0,15668
731,50,30546.0,5,1,0,0,0,8468
732,54,55287.0,4,0,1,0,0,60582
733,36,46067.0,2,4,0,0,0,40297
734,68,36863.0,6,0,0,0,1,19707
735,18,54609.0,2,0,0,0,0,58829
736,39,41060.0,6,1,0,0,0,29766
737,37,28252.0,2,0,0,0,0,6424
738,45,40941.0,2,1,0,0,0,27775
739,26,32436.0,7,0,0,0,0,12958
740,51,52555.0,3,0,1,0,0,54569
741,44,44736.0,5,3,0,1,0,37001
742,21,38011.0,4,5,0,1,0,21470
743,49,41148.0,3,0,0,0,0,29318
744,35,35900.0,5,2,0,0,0,18783
745,46,52228.0,6,5,1,1,0,53745
746,44,27037.0,6,1,0,0,0,4379
747,66,55469.0,1,0,0,0,0,62288
748,32,37520.0,2,0,0,0,0,20501
749,51,38117.0,4,4,0,1,0,22346
750,30,44952.0,3,4,0,1,0,37414
751,42,21355.0,7,5,0,1,0,1105
752,46,46573.0,2,2,0,0,0,41282
753,55,29115.0,2,0,0,0,0,6961
754,23,47963.0,6,1,0,0,0,44758
755,24,41039.0,7,1,0,0,0,28404
756,43,34116.0,4,2,0,0,0,15185
757,46,51891.0,6,0,1,0,0,53453
758,50,54882.0,6,0,1,0,0,59655
759,36,50581.0,6,0,0,0,0,49795
760,27,33884.0,2,0,0,0,0,14960
761,39,42740.0,6,2,0,1,0,34065
762,19,31914.0,2,2,0,0,0,10634
763,41,53239.0,6,4,1,1,0,55963
764,32,40644.0,2,0,0,0,0,27247
765,18,48077.0,5,2,0,0,0,45819
766,36,42605.0,5,1,0,0,0,33752
767,43,46643.0,3,0,1,0,0,42166
768,38,39274.0,6,5,0,1,0,24783
769,51,48037.0,6,1,1,0,0,44713
770,48,70689.0,6,0,1,0,0,103151
771,30,49832.0,2,1,1,0,0,48350
772,24,41304.0,4,0,0,0,0,30447
773,36,41064.0,6,0,0,0,0,29303
774,41,45458.0,7,4,0,1,0,38586
775,41,54418.0,4,2,1,0,0,58141
776,39,44364.0,4,0,0,0,0,36667
777,53,38015.0,5,1,0,0,0,22010
778,36,48031.0,5,2,0,0,0,45353
779,31,29865.0,6,1,0,0,0,7584
780,41,29057.0,7,0,0,0,0,6964
781,51,52566.0,3,2,1,0,0,54542
782,43,51509.0,4,0,1,0,0,52470
783,57,53346.0,2,3,1,0,0,56266
784,33,49678.0,2,1,0,0,0,48100
785,48,42021.0,5,1,0,0,0,31831
786,50,49201.0,3,4,1,1,0,47743
787,32,50638.0,5,1,0,0,0,49683
788,50,48306.0,2,0,1,0,0,46209
789,48,32433.0,1,0,0,0,0,12990
790,41,41770.0,6,1,0,0,0,31128
791,35,41111.0,3,0,0,0,0,29678
792,31,53188.0,3,2,1,0,0,55858
793,44,43349.0,3,1,0,0,0,35071
794,30,47958.0,4,0,0,0,0,44947
795,54,55104.0,3,1,1,0,0,60524
796,32,38810.0,2,7,0,0,0,23936
797,56,42613.0,2,2,1,0,0,33827
798,26,50873.0,6,0,0,0,0,50383
799,38,37314.0,7,1,0,0,0,20156
800,45,54863.0,7,1,1,0,0,60033
801,34,42348.0,2,3,0,0,0,32766
802,45,51836.0,3,1,1,0,0,53012
803,34,30200.0,4,0,0,0,0,8218
804,47,25088.0,2,0,0,0,0,2611
805,32,55648.0,6,2,1,0,0,62876
806,30,41347.0,3,0,0,0,0,30337
807,40,55523.0,7,4,1,1,0,62214
808,48,46557.0,6,1,0,0,0,41349
809,34,26958.0,2,1,0,0,0,4290
810,48,54369.0,3,0,1,0,1,58177
811,28,28270.0,6,0,0,0,0,5938
812,38,37653.0,4,2,0,0,0,20917
813,49,45772.0,5,1,0,0,0,39519
814,73,48302.0,1,1,0,0,1,46139
815,18,45428.0,7,1,0,0,0,38062
816,50,31970.0,5,3,0,1,0,11696
817,40,42649.0,7,0,1,0,0,33856
818,42,34122.0,2,0,0,0,0,15189
819,54,22757.0,2,0,0,0,1,1437
820,40,46755.0,7,1,1,0,0,42776
821,31,38876.0,3,2,0,0,0,24159
822,29,55275.0,3,0,1,0,0,61496
823,33,26310.0,6,0,0,0,0,3655
824,48,52629.0,4,3,1,1,0,54984
825,62,43799.0,4,1,0,0,0,35377
826,35,55325.0,3,2,1,0,0,60737
827,35,42461.0,4,1,0,0,0,33383
828,29,52836.0,5,1,0,0,0,55402
829,38,48625.0,5,3,1,1,0,46785
830,48,33051.0,4,1,0,0,0,13726
831,59,50098.0,4,2,1,0,0,48744
832,41,41100.0,3,0,0,0,0,29330
833,43,39774.0,5,1,0,0,0,25564
834,46,73097.0,5,0,1,0,0,110243
835,23,31547.0,6,0,0,0,0,9999
836,34,44621.0,5,0,0,0,0,36909
837,39,55281.0,4,0,1,0,0,61017
838,34,52631.0,2,0,0,0,0,54824
839,57,28371.0,6,1,0,0,0,6447
840,51,37987.0,3,2,0,0,0,21761
841,45,42320.0,4,1,0,0,0,32716
842,36,53591.0,6,0,1,0,0,56902
843,36,37993.0,5,1,0,0,0,21589
844,45,48066.0,5,0,1,0,0,45902
845,32,39267.0,7,0,0,0,0,25018
846,22,38837.0,2,1,0,0,0,23942
847,22,42151.0,3,1,0,0,0,32546
848,33,31329.0,5,0,0,0,0,9616
849,57,42599.0,5,0,0,0,1,33698
850,47,31956.0,2,0,0,0,0,11381
851,28,32046.0,6,0,0,0,0,11425
852,37,55552.0,6,0,1,0,0,62813
853,33,37957.0,7,0,0,0,0,21664
854,45,42463.0,6,1,0,0,0,33488
855,38,41804.0,3,2,0,0,0,31270
856,57,45351.0,1,0,0,0,1,38001
857,47,47988.0,3,1,1,0,0,44177
858,33,51926.0,7,2,0,1,0,53169
859,28,53236.0,7,0,1,0,0,55598
860,28,26079.0,6,1,0,0,0,3316
861,51,46592.0,3,0,0,0,0,41542
862,49,54334.0,6,0,1,0,0,57971
863,41,34703.0,3,3,0,0,0,15547
864,44,47984.0,4,0,1,0,0,44546
865,51,55315.0,3,0,1,0,0,60607
866,32,35284.0,7,0,0,0,0,16958
867,22,30024.0,2,1,0,0,0,7836
868,41,37248.0,6,0,0,0,0,20061
869,31,77086.0,6,0,1,0,0,115059
870,43,38060.0,6,2,0,1,0,22332
871,40,51260.0,3,1,1,0,0,51737
872,42,52627.0,6,0,1,0,0,54594
873,25,35339.0,5,0,0,0,0,16787
874,50,39948.0,5,1,0,0,0,26360
875,20,34848.0,7,7,0,1,0,15814
876,38,52472.0,2,0,1,0,0,54337
877,45,47390.0,3,0,1,0,0,43667
878,44,48707.0,7,1,1,0,0,47154
879,39,42678.0,7,3,0,1,0,34289
880,35,55281.0,4,1,1,0,0,61014
881,41,50227.0,5,2,1,0,0,49297
882,16,18762.0,4,2,0,0,0,560
883,41,26833.0,5,0,0,0,0,4035
884,29,41532.0,4,1,0,0,0,30661
885,32,28277.0,3,0,0,0,0,6327
886,37,43289.0,7,0,0,0,0,34982
887,34,37957.0,7,0,0,0,0,21723
888,38,55631.0,3,3,1,0,0,62851
889,33,50583.0,6,0,0,0,0,49482
890,14,35886.0,3,0,0,0,0,18865
891,27,31318.0,2,3,0,0,0,9554
892,51,37908.0,1,1,0,0,0,21059
893,47,53845.0,2,0,1,0,0,57047
894,32,51525.0,3,1,0,0,0,52535
895,51,46059.0,5,2,0,0,0,40433
896,66,47160.0,6,0,0,0,0,43422
897,38,30107.0,4,3,0,1,0,8177
898,38,53210.0,5,0,1,0,0,56209
899,35,42709.0,7,1,0,0,0,34443
900,42,34966.0,5,0,0,0,0,15991
901,26,71500.0,2,1,1,0,0,107220
902,39,48976.0,6,0,1,0,0,47441
903,42,46586.0,5,0,0,0,0,41468
904,51,45473.0,1,3,0,0,0,38673
905,24,39787.0,2,0,0,0,0,25366
906,51,53369.0,2,4,1,0,0,56510
907,31,26289.0,2,2,0,0,0,3779
908,68,41993.0,6,0,0,0,0,31523
909,49,29056.0,5,0,0,0,0,6890
910,82,72913.0,5,1,1,0,0,109568
911,62,38240.0,4,0,0,0,0,22445
912,47,46355.0,3,0,0,0,0,40588
913,33,54793.0,6,1,1,0,0,59246
914,90,38190.0,4,3,0,0,0,22454
915,38,47997.0,6,0,0,0,0,45599
916,37,49795.0,7,4,0,1,0,48154
917,35,41388.0,6,1,0,0,0,30595
918,56,40296.0,2,4,0,0,0,26863
919,37,53440.0,6,0,1,0,0,56456
920,35,48514.0,3,3,1,0,0,46501
921,41,44543.0,6,2,0,1,0,36857
922,53,26957.0,2,0,0,0,0,4577
923,51,24972.0,1,0,0,0,0,2435
924,37,35417.0,5,0,0,0,0,17394
925,41,48689.0,2,0,1,0,0,47251
926,46,39228.0,4,2,0,0,0,24696
927,38,52717.0,2,0,1,0,0,55219
928,52,29711.0,5,0,0,0,0,7243
929,49,50768.0,3,1,1,0,0,50153
930,34,46804.0,2,0,0,0,0,42809
931,69,48100.0,3,0,1,0,0,45822
932,45,62615.0,5,0,1,0,0,81764
933,35,26119.0,4,5,0,1,0,3136
934,51,53369.0,3,0,1,0,0,56659
935,39,48643.0,6,1,1,0,0,46714
936,37,29913.0,3,3,0,0,0,7441
937,47,23524.0,7,0,0,0,0,1773
938,41,36837.0,6,2,0,1,0,19562
939,40,57611.0,3,0,1,0,0,70296
940,40,22915.0,2,2,0,0,0,1495
941,39,26083.0,6,3,0,1,0,3202
942,30,47951.0,2,2,0,0,0,45011
943,41,37869.0,2,0,0,0,0,21271
944,34,46647.0,3,0,0,0,0,41707
945,48,45326.0,6,3,0,1,0,37760
946,32,46001.0,3,0,0,0,0,39915
947,35,42489.0,4,1,0,0,0,33448
948,30,54930.0,2,0,0,0,0,59646
949,33,51039.0,2,3,0,0,0,50784
950,28,30958.0,5,1,0,0,0,9143
951,24,22514.0,6,0,0,0,0,1327
952,54,44067.0,1,1,0,0,1,35717
953,22,49013.0,6,1,0,0,0,47468
954,40,55520.0,4,0,0,0,0,62389
955,45,46798.0,7,1,0,0,0,42591
956,47,55070.0,1,1,1,0,0,60461
957,36,28274.0,2,1,0,0,0,5714
958,63,42072.0,2,2,0,0,1,31927
959,65,46648.0,3,1,0,0,0,41751
960,39,48559.0,3,0,1,0,0,46742
961,48,37495.0,3,2,0,0,0,20352
962,21,41064.0,6,0,0,0,0,30023
963,37,47107.0,4,2,0,0,0,43119
964,40,56925.0,4,0,1,0,0,68799
965,19,33943.0,2,3,0,0,0,14881
966,50,27023.0,3,0,0,0,0,4547
967,44,41313.0,5,2,0,1,0,30170
968,53,38110.0,4,2,0,0,0,22276
969,30,52586.0,5,1,0,0,0,54915
970,39,49153.0,5,0,1,0,0,47640
971,34,31015.0,3,0,0,0,0,9369
972,18,29968.0,4,1,0,0,0,7818
973,38,70997.0,7,2,1,1,0,105527
974,52,28337.0,6,0,0,0,0,5671
975,27,39898.0,2,0,0,0,0,25783
976,44,45507.0,3,1,0,0,0,38756
977,60,35858.0,3,0,0,0,0,18284
978,39,48302.0,4,2,1,0,0,46169
979,44,38187.0,7,2,0,1,0,22497
980,28,42702.0,4,0,0,0,0,33957
981,23,41775.0,2,0,0,0,0,31139
982,24,31883.0,2,5,0,1,0,10878
983,65,32184.0,4,0,0,0,1,12277
984,23,42199.0,2,1,0,0,0,32101
985,49,26280.0,6,2,0,0,0,3819
986,35,32001.0,6,0,0,0,0,11491
987,38,48645.0,7,0,1,0,0,47014
988,50,52720.0,4,0,1,0,0,55149
989,13,54593.0,3,1,0,0,0,58915
990,55,39874.0,1,3,0,0,0,25945
991,32,38823.0,6,0,0,0,0,23880
992,42,48160.0,5,1,1,0,0,45945
993,39,48261.0,3,2,1,0,0,46148
994,51,30287.0,4,1,0,0,0,8276
995,58,52181.0,6,0,1,0,0,53726
996,52,62111.0,1,3,1,0,0,80986
997,41,43610.0,7,1,0,0,0,35131
998,76,53400.0,4,0,1,0,1,56717
999,29,26142.0,2,1,0,0,0,3323
1000,28,26175.0,5,2,0,0,0,3590
1001,15,32014.0,3,0,0,0,0,11351
1002,23,47967.0,4,2,0,0,0,45508
1003,45,26092.0,4,0,0,0,0,3217
1004,37,37612.0,4,0,0,0,0,20890
1005,56,35887.0,5,1,0,0,1,18751
1006,36,45411.0,7,0,0,0,0,38046
1007,31,37573.0,7,1,0,0,0,20879
1008,54,38099.0,6,0,0,0,0,22316
1009,57,31212.0,4,1,0,0,1,9524
1010,27,43058.0,3,0,0,0,0,34656
1011,24,53248.0,4,1,1,0,0,55740
1012,43,19878.0,3,1,0,0,0,728
1013,44,30843.0,7,1,0,0,0,8718
1014,35,41306.0,4,0,0,0,0,30356
1015,24,32006.0,3,0,0,0,0,11631
1016,44,35364.0,4,0,0,0,0,17507
1017,23,37872.0,4,3,0,1,0,21310
1018,30,28374.0,4,0,0,0,0,6464
1019,50,51385.0,4,1,1,0,0,51881
1020,38,37501.0,7,1,0,0,0,20840
1021,26,54868.0,4,0,0,0,0,59408
1022,30,48018.0,6,1,0,0,0,44538
1023,43,34999.0,5,0,0,0,0,16176
1024,25,46584.0,7,4,0,1,0,41421
1025,23,29448.0,6,2,0,1,0,7064
1026,38,26978.0,6,0,0,0,0,4487
1027,47,26345.0,5,0,0,0,0,3648
1028,17,38138.0,6,2,0,1,0,22290
1029,24,55263.0,6,1,1,0,0,60732
1030,27,42630.0,6,2,0,0,0,33800
1031,29,52696.0,3,1,1,0,0,55203
1032,44,40990.0,2,1,0,0,0,28639
1033,42,47373.0,5,0,0,0,0,43595
1034,30,45515.0,6,4,0,1,0,38784
1035,33,42623.0,7,0,0,0,0,33754
1036,26,41314.0,6,7,0,1,0,30484
1037,27,46464.0,7,2,0,1,0,40709
1038,47,50898.0,3,4,1,1,0,50310
1039,29,31871.0,4,6,0,1,0,10691
1040,31,45392.0,4,1,0,0,0,37976
1041,29,28323.0,6,0,0,0,0,5897
1042,29,38725.0,3,0,0,0,0,23865
1043,45,20671.0,5,0,0,0,0,1016
1044,22,47744.0,4,3,0,1,0,43851
1045,36,35944.0,4,0,0,0,0,18712
1046,43,47792.0,7,0,1,0,0,43897
1047,33,46649.0,2,2,0,0,0,41435
1048,29,17570.0,5,0,0,0,0,234
1049,14,34014.0,2,0,0,0,0,15104
1050,49,31571.0,3,1,0,0,0,10386
1051,26,46081.0,5,0,0,0,0,40245
1052,29,28307.0,2,0,0,0,0,6410
1053,47,43312.0,2,1,0,0,0,34984
1054,37,54296.0,4,0,1,0,0,57920
1055,28,35457.0,7,2,0,1,0,18143
1056,37,56118.0,5,3,1,1,0,65283
1057,24,41284.0,3,4,0,1,0,30221
1058,40,71785.0,7,0,1,0,0,109032
1059,33,31302.0,2,1,0,0,0,9691
1060,38,62065.0,3,0,1,0,0,80855
1061,32,35815.0,6,0,0,0,0,18218
1062,58,41973.0,2,1,0,0,0,31643
1063,47,46620.0,2,2,0,0,0,41366
1064,37,33345.0,3,0,0,0,0,14055
1065,49,37056.0,6,1,0,0,0,19965
1066,51,35406.0,1,1,0,0,0,17519
1067,18,39923.0,5,3,0,1,0,26188
1068,54,38054.0,2,2,0,0,0,22212
1069,40,45491.0,3,2,0,0,0,38769
1070,39,31566.0,6,2,0,1,0,10313
1071,24,26231.0,5,0,0,0,0,3594
1072,14,54903.0,4,0,1,0,0,59574
1073,45,49808.0,4,0,1,0,0,48161
1074,53,35378.0,1,0,0,0,0,17657
1075,15,39270.0,7,0,0,0,0,25042
1076,31,55449.0,5,0,0,0,0,62003
1077,22,30608.0,7,1,0,0,0,8536
1078,34,29809.0,4,1,0,0,0,7347
1079,44,63408.0,5,0,1,0,0,83753
1080,37,67705.0,2,0,1,0,0,94611
1081,38,52574.0,2,0,1,0,0,54658
1082,33,40905.0,5,0,0,0,0,27819
1083,46,27022.0,4,0,0,0,0,4810
1084,43,42719.0,4,2,0,0,0,34118
1085,19,47116.0,7,0,0,0,0,43141
1086,34,22550.0,4,2,0,0,0,1330
1087,32,44431.0,5,0,0,0,0,36608
1088,15,41966.0,2,1,0,0,0,31475
1089,35,45474.0,7,7,0,1,0,38413
1090,43,45818.0,4,1,0,0,0,39482
1091,39,41263.0,6,0,0,0,0,30279
1092,46,52677.0,5,4,1,1,0,55164
1093,38,50116.0,3,0,1,0,0,48968
1094,53,56389.0,6,3,1,1,0,66358
1095,32,40971.0,3,5,0,1,0,28999
1096,31,46112.0,6,1,0,0,0,40336
1097,42,46134.0,5,7,0,1,0,40455
1098,45,51486.0,4,0,1,0,0,52074
1099,41,39338.0,2,0,0,0,0,24822
1100,50,55308.0,5,1,1,0,0,60614
1101,61,24084.0,5,0,0,0,1,2054
1102,34,74995.0,7,4,1,1,0,112419
1103,50,55322.0,3,1,1,0,0,61377
1104,39,52512.0,2,4,0,0,0,54314
1105,17,50746.0,4,3,0,1,0,49872
1106,21,51459.0,4,0,0,0,0,51932
1107,26,50890.0,4,1,0,0,0,50341
1108,20,50163.0,4,7,0,1,0,49386
1109,48,51296.0,4,0,1,0,0,51371
1110,45,43655.0,6,1,0,0,0,35217
1111,52,30268.0,3,3,0,0,0,8230
1112,19,29936.0,6,0,0,0,0,7521
1113,41,54414.0,3,1,1,0,0,58440
1114,48,53259.0,2,0,1,0,0,56264
1115,41,44702.0,2,1,0,0,0,37231
1116,52,39674.0,4,0,0,0,0,25328
1117,39,40927.0,6,4,0,1,0,27894
1118,66,30020.0,2,2,0,0,1,7998
1119,28,35873.0,7,1,0,0,0,18326
1120,48,32208.0,4,0,0,0,0,12171
1121,34,30181.0,5,3,0,1,0,8211
1122,35,31330.0,4,2,0,0,0,9667
1123,37,27161.0,7,1,0,0,0,5126
1124,29,50954.0,3,1,0,0,0,50716
1125,43,30265.0,2,3,0,0,0,8284
1126,51,54623.0,5,1,1,0,0,59110
1127,36,38245.0,6,2,0,1,0,22604
1128,33,49029.0,4,1,0,0,0,47524
1129,37,54450.0,2,0,1,0,0,58317
1130,60,53174.0,4,4,1,1,0,55853
1131,31,45689.0,3,0,0,0,0,38963
1132,21,41148.0,2,1,0,0,0,29882
1133,38,36876.0,3,0,0,0,0,19655
1134,42,42640.0,3,0,1,0,0,33823
1135,42,44445.0,4,0,0,0,0,36654
1136,27,38516.0,7,2,0,1,0,23428
1137,44,21577.0,3,2,0,0,0,1160
1138,41,48507.0,5,1,1,0,0,46525
1139,37,45658.0,3,0,0,0,0,38992
1140,28,61485.0,6,0,1,0,0,78373
1141,37,31977.0,5,0,0,0,0,11641
1142,36,47102.0,2,2,0,0,0,43175
1143,56,32483.0,6,0,0,0,0,13231
1144,46,34689.0,4,1,0,0,0,15468
1145,28,48475.0,5,0,1,0,0,46326
1146,53,41860.0,5,1,0,0,0,31404
1147,21,54379.0,2,2,1,0,0,58589
1148,32,39414.0,3,5,0,1,0,25173
1149,35,71133.0,5,1,1,0,0,105956
1150,19,37951.0,6,1,0,0,0,21968
1151,44,47984.0,2,2,1,0,0,44466
1152,49,35020.0,5,3,0,1,0,16246
1153,20,31999.0,7,0,0,0,0,11769
1154,20,51929.0,4,0,0,0,0,53358
1155,36,49416.0,5,0,0,0,0,47818
1156,29,17202.0,6,1,0,0,0,222
1157,19,46976.0,2,1,0,0,0,42950
1158,12,41998.0,4,1,0,0,0,31548
1159,23,38128.0,3,0,0,0,0,22158
1160,65,32184.0,4,0,0,0,1,12277
1161,65,26991.0,5,0,0,0,1,4968
1162,52,48572.0,3,3,1,0,0,46586
1163,29,54901.0,2,1,1,0,0,59583
1164,49,27050.0,2,0,0,0,0,4856
1165,57,75261.0,6,0,1,0,0,113892
1166,48,31927.0,2,2,0,0,0,10831
1167,44,35936.0,7,3,0,1,0,18408
1168,46,51034.0,5,0,1,0,0,51077
1169,37,33695.0,2,1,0,0,0,14440
1170,53,34702.0,1,0,0,0,0,15499
1171,30,54839.0,2,1,1,0,0,59147
1172,25,48013.0,7,0,0,0,0,44900
1173,18,40384.0,7,1,0,0,0,26943
1174,37,34806.0,2,2,0,0,0,15729
1175,52,44364.0,5,2,0,0,0,36048
1176,39,44433.0,5,0,0,0,0,36111
1177,43,69214.0,4,0,1,0,0,98475
1178,22,58446.0,7,0,1,0,0,71570
1179,30,39782.0,7,0,0,0,0,25438
1180,35,38091.0,2,0,0,0,0,22207
1181,20,44447.0,6,0,0,0,0,36737
1182,53,23925.0,5,0,0,0,1,2018
1183,46,48593.0,4,0,1,0,0,46830
1184,44,54296.0,4,3,1,1,0,58000
1185,55,24751.0,4,1,0,0,1,2337
1186,41,47413.0,3,2,0,0,0,43654
1187,28,53262.0,6,1,1,0,0,56314
1188,49,55267.0,6,0,1,0,0,61474
1189,43,41026.0,6,0,0,0,0,28308
1190,27,51042.0,2,0,0,0,0,50948
1191,55,20936.0,3,0,0,0,1,1066
1192,60,46628.0,1,4,0,0,0,42200
1193,39,25769.0,3,5,0,1,0,2937
1194,44,21366.0,2,1,0,0,0,1111
1195,35,42281.0,5,1,0,0,0,32762
1196,47,45525.0,2,1,0,0,0,38320
1197,51,37524.0,5,2,0,0,0,20430
1198,53,54857.0,5,0,1,0,0,59439
1199,24,47769.0,7,3,0,1,0,43873
1200,63,39334.0,6,0,0,0,0,24751
1201,42,46505.0,5,1,0,0,0,40795
1202,66,54972.0,4,3,1,1,0,60290
1203,31,41013.0,4,3,0,1,0,28173
1204,37,42206.0,5,4,0,1,0,32225
1205,69,45979.0,1,6,1,0,0,39969
1206,48,51049.0,2,2,1,0,0,50821
1207,19,55325.0,7,0,0,0,0,60730
1208,39,54418.0,2,0,1,0,0,58059
1209,64,26997.0,3,1,0,0,0,4190
1210,39,47123.0,2,0,0,0,0,43251
1211,38,46612.0,7,2,0,1,0,41853
1212,37,41364.0,2,1,0,0,0,30577
1213,38,39327.0,3,2,0,0,0,24875
1214,46,40731.0,2,0,0,0,0,27352
1215,32,54606.0,5,0,0,0,0,58929
1216,54,33932.0,1,0,0,0,1,14953
1217,38,48669.0,3,1,1,0,0,47159
1218,50,34533.0,6,2,0,0,0,15363
1219,25,53958.0,2,1,1,0,0,57340
1220,38,55607.0,3,0,0,0,0,62700
1221,49,40977.0,4,1,0,0,0,28019
1222,55,35434.0,1,0,0,0,1,18117
1223,42,50611.0,2,0,1,0,0,49639
1224,30,36653.0,3,1,0,0,0,19411
1225,47,45978.0,7,1,0,0,0,39982
1226,30,53971.0,2,0,1,0,0,57299
1227,28,48116.0,4,4,1,1,0,45778
1228,41,48621.0,7,1,1,0,0,46612
1229,60,47988.0,2,1,0,0,0,44171
1230,44,54014.0,2,1,1,0,0,57490
1231,33,37546.0,3,1,0,0,0,20589
1232,41,45376.0,3,0,0,0,0,38070
1233,27,41997.0,4,0,0,0,0,31580
1234,28,29612.0,6,1,0,0,0,7143
1235,35,31030.0,7,2,0,1,0,9128
1236,43,47099.0,5,0,1,0,0,43084
1237,25,27013.0,2,1,0,0,0,4326
1238,31,49812.0,2,1,0,0,0,48182
1239,27,47002.0,6,0,0,0,0,42932
1240,67,50820.0,6,0,0,0,0,50004
1241,55,44361.0,5,4,0,1,0,36172
1242,34,31009.0,7,2,0,1,0,9296
1243,37,40887.0,4,0,0,0,0,27920
1244,35,48041.0,5,1,1,0,0,45504
1245,39,50223.0,3,2,1,0,0,49290
1246,58,69205.0,5,2,1,0,0,98689
1247,46,48514.0,5,1,1,0,0,46426
1248,42,35338.0,5,0,0,0,0,17203
1249,31,47975.0,5,4,0,1,0,44161
1250,30,50098.0,7,0,0,0,0,48843
1251,40,53400.0,5,3,1,1,0,56494
1252,32,48246.0,2,1,0,0,0,46030
1253,25,54913.0,7,0,0,0,0,59558
1254,42,49778.0,4,3,1,1,0,48356
1255,32,30793.0,3,4,0,1,0,8631
1256,61,42003.0,1,2,0,0,0,31695
1257,60,33718.0,6,3,0,1,0,14555
1258,46,34591.0,7,2,0,1,0,15428
1259,31,37965.0,5,0,0,0,0,21797
1260,27,28292.0,5,2,0,0,0,5997
1261,28,37951.0,5,2,0,0,0,22005
1262,20,29512.0,3,0,0,0,0,7126
1263,68,41991.0,3,3,0,0,0,31834
1264,24,42216.0,5,5,0,1,0,32422
1265,28,26224.0,6,1,0,0,0,3618
1266,33,46541.0,4,1,0,0,0,40847
1267,38,31484.0,5,0,0,0,0,10146
1268,29,37160.0,3,0,0,0,0,20054
1269,39,44437.0,3,0,0,0,0,35926
1270,30,35481.0,4,2,0,0,0,18133
1271,46,41046.0,4,1,0,0,0,28784
1272,33,36337.0,7,0,0,0,0,19093
1273,38,32385.0,2,0,0,0,0,12977
1274,42,41457.0,7,0,0,0,0,30760
1275,38,31045.0,5,1,0,0,0,8805
1276,33,40589.0,7,3,0,1,0,27211
1277,41,53198.0,7,4,1,1,0,55614
1278,27,49188.0,7,1,0,0,0,47558
1279,50,31996.0,1,1,0,0,0,11467
1280,43,53958.0,2,2,1,0,0,57338
1281,67,48457.0,2,0,0,0,1,46496
1282,23,45739.0,5,1,0,0,0,38884
1283,33,47972.0,5,2,0,0,0,44615
1284,40,45871.0,4,1,0,0,0,39613
1285,33,41100.0,3,0,0,0,0,29328
1286,70,21490.0,3,0,0,0,1,1140
1287,42,47101.0,3,3,0,0,0,43130
1288,48,54005.0,6,1,1,0,0,57308
1289,35,35444.0,3,0,0,0,0,17849
1290,46,30983.0,2,4,0,0,0,8898
1291,39,27040.0,4,1,0,0,0,4386
1292,40,53397.0,2,1,1,0,0,56451
1293,65,19864.0,2,2,0,0,1,807
1294,26,55494.0,2,0,0,0,0,62463
1295,46,26961.0,2,0,0,0,0,4212
1296,39,42108.0,5,3,0,1,0,32000
1297,29,40902.0,6,3,0,1,0,27797
1298,39,42313.0,5,1,0,0,0,32691
1299,38,47071.0,6,2,0,1,0,43089
1300,35,28297.0,3,1,0,0,0,6387
1301,39,50706.0,6,2,1,1,0,49948
1302,36,28876.0,6,0,0,0,0,6782
1303,40,42026.0,5,1,0,0,0,31733
1304,26,41012.0,4,0,0,0,0,29145
1305,55,47953.0,1,0,1,0,0,45188
1306,54,54448.0,6,3,1,1,0,58472
1307,45,38864.0,4,0,0,0,0,23979
1308,55,37540.0,1,2,0,0,0,20406
1309,48,48641.0,6,3,1,1,0,46722
1310,34,49048.0,7,0,0,0,0,47501
1311,40,19856.0,3,1,0,0,0,757
1312,43,31985.0,6,0,0,0,0,11228
1313,53,33893.0,4,1,0,0,0,15050
1314,52,39846.0,5,5,0,1,0,25515
1315,50,46647.0,5,0,0,0,0,42109
1316,40,48976.0,6,0,1,0,0,47440
1317,28,24537.0,4,0,0,0,0,2276
1318,42,55543.0,2,0,0,0,0,62381
1319,38,38898.0,5,5,0,1,0,24453
1320,51,51516.0,1,1,1,0,0,52264
1321,29,25779.0,4,1,0,0,0,2990
1322,31,64372.0,5,1,1,0,0,85435
1323,33,37957.0,7,0,0,0,0,21664
1324,31,24982.0,5,1,0,0,0,2426
1325,42,38168.0,3,0,0,0,0,22532
1326,35,32420.0,2,0,0,0,0,13045
1327,48,35854.0,6,0,0,0,0,18394
1328,50,47977.0,2,1,1,0,0,44395
1329,59,41005.0,4,0,0,0,0,28974
1330,35,39847.0,5,4,0,1,0,25502
1331,20,40463.0,2,3,0,0,0,27167
1332,55,46628.0,4,0,0,0,0,41892
1333,23,45739.0,7,0,0,0,0,38860
1334,31,55296.0,7,0,1,0,0,61143
1335,16,55541.0,6,1,1,0,0,62450
1336,49,55278.0,7,1,1,0,0,61063
1337,68,40199.0,4,0,0,0,1,26666
1338,39,26459.0,4,2,0,0,0,3957
1339,26,38355.0,3,5,0,1,0,23303
1340,42,31045.0,5,0,0,0,0,8801
1341,39,42074.0,5,0,0,0,0,31974
1342,36,39918.0,4,2,0,0,0,26023
1343,50,33300.0,3,0,0,0,0,14087
1344,44,45895.0,6,3,0,1,0,39698
1345,21,32403.0,3,0,0,0,0,13034
1346,26,40908.0,6,1,0,0,0,27895
1347,37,38497.0,4,1,0,0,0,23692
1348,39,55259.0,7,0,1,0,0,60962
1349,27,18792.0,5,0,0,0,0,557
1350,42,24971.0,2,0,0,0,0,2423
1351,21,53217.0,7,0,1,0,0,55767
1352,36,54905.0,5,0,1,0,0,59334
1353,36,46625.0,3,1,0,0,0,41379
1354,33,52584.0,3,2,0,0,0,54997
1355,39,34692.0,5,2,0,1,0,15453
1356,46,33873.0,6,2,0,1,0,15051
1357,40,35922.0,3,0,0,0,0,18432
1358,32,31983.0,5,1,0,0,0,11615
1359,38,30956.0,4,3,0,1,0,9096
1360,59,23138.0,4,5,0,1,1,1628
1361,37,45298.0,6,1,0,0,0,37772
1362,36,38142.0,2,2,0,0,0,22396
1363,42,33920.0,3,4,0,1,0,14995
1364,59,40221.0,5,1,0,0,0,26650
1365,36,29968.0,5,2,0,1,0,7798
1366,39,19933.0,5,3,0,1,0,708
1367,41,42382.0,4,0,0,0,0,32808
1368,13,37872.0,2,1,0,0,0,21202
1369,27,22827.0,5,4,0,1,0,1428
1370,21,20707.0,3,0,0,0,0,969
1371,45,41038.0,1,0,0,0,0,28247
1372,42,55381.0,4,0,1,0,0,62114
1373,54,41895.0,5,0,0,0,0,31367
1374,27,53632.0,6,1,1,0,0,56774
1375,43,38309.0,5,2,0,1,0,23238
1376,31,32165.0,4,3,0,1,0,12444
1377,28,54404.0,3,1,1,0,0,58470
1378,29,43421.0,6,1,0,0,0,35112
1379,48,55322.0,5,0,1,0,0,61364
1380,34,27280.0,2,2,0,0,0,5199
1381,46,29093.0,7,2,0,1,0,6936
1382,67,29990.0,3,0,0,0,1,7825
1383,53,52597.0,4,0,1,0,0,54826
1384,46,40990.0,3,1,0,0,0,29167
1385,43,49245.0,5,1,1,0,0,47765
1386,36,42335.0,7,0,0,0,0,32669
1387,41,40706.0,7,1,0,0,0,27454
1388,22,45710.0,2,0,1,0,0,39433
1389,45,42403.0,3,0,0,0,0,32875
1390,28,51815.0,5,0,1,0,0,53093
1391,46,34847.0,5,4,0,1,0,15825
1392,33,32651.0,2,1,0,0,0,13316
1393,38,69627.0,3,2,1,0,0,99987
1394,35,31313.0,2,1,0,0,0,9652
1395,45,53204.0,2,0,1,0,0,55831
1396,45,53216.0,6,0,1,0,0,56155
1397,42,51941.0,2,3,1,0,0,53173
1398,50,52523.0,2,2,1,0,0,54384
1399,37,34517.0,7,1,0,0,0,15355
1400,47,55102.0,7,0,1,0,0,60394
1401,43,28279.0,6,4,0,1,0,5825
1402,32,54921.0,7,1,1,0,0,59629
1403,31,30090.0,5,1,0,0,0,8036
1404,44,39428.0,7,1,0,0,0,25234
1405,39,32206.0,6,0,0,0,0,12372
1406,24,51805.0,4,4,0,1,0,53089
1407,49,31988.0,4,3,0,1,0,11702
1408,69,21355.0,6,3,0,1,1,1104
1409,42,53184.0,5,0,1,0,0,55670
1410,45,50977.0,3,1,1,0,0,51004
1411,59,32409.0,3,3,0,0,0,13101
1412,29,44397.0,7,1,0,0,0,36121
1413,38,28313.0,5,0,0,0,0,6086
1414,31,45092.0,3,1,0,0,0,37573
1415,59,38036.0,4,3,0,1,0,21426
1416,44,32232.0,7,1,0,0,0,12093
1417,41,35944.0,2,0,0,0,0,18361
1418,43,53960.0,3,4,1,1,0,57579
1419,42,31872.0,5,1,0,0,0,10905
1420,38,30646.0,4,2,0,0,0,8537
1421,52,39860.0,6,1,0,0,0,26351
1422,42,45764.0,3,4,0,1,0,39466
1423,33,32913.0,7,2,0,1,0,13551
1424,64,31865.0,5,1,0,0,1,10959
1425,41,31317.0,2,3,0,0,0,9534
1426,49,54896.0,3,0,1,0,0,59514
1427,49,24393.0,2,0,0,0,1,2184
1428,57,48158.0,2,3,1,0,0,46027
1429,50,37117.0,2,0,0,0,0,20020
1430,45,34099.0,6,1,0,0,0,15190
1431,39,51927.0,4,1,1,0,0,53505
1432,41,32237.0,5,2,0,1,0,12454
1433,52,51890.0,2,0,1,0,0,53331
1434,38,27333.0,4,1,0,0,0,5215
1435,25,44441.0,3,0,0,0,0,36351
1436,33,37268.0,5,4,0,1,0,20130
1437,36,28282.0,5,0,0,0,0,6148
1438,68,32760.0,2,4,0,0,0,13463
1439,38,33911.0,4,3,0,1,0,14671
1440,22,51547.0,3,1,0,0,0,52226
1441,80,38025.0,3,0,0,0,1,21492
1442,50,54978.0,5,1,1,0,1,60196
1443,36,63771.0,7,2,1,1,0,84299
1444,38,27281.0,6,1,0,0,0,5172
1445,23,20151.0,6,0,0,0,0,900
1446,43,52547.0,4,2,1,0,0,54091
1447,39,47970.0,7,0,0,0,0,44696
1448,57,50804.0,6,0,1,0,0,50058
1449,23,39890.0,3,4,0,1,0,26154
1450,33,22775.0,6,0,0,0,0,1400
1451,49,25338.0,7,1,0,0,1,2741
1452,27,32179.0,3,0,0,0,0,12786
1453,36,42036.0,3,0,0,0,0,31570
1454,44,52717.0,3,0,1,0,0,55085
1455,33,41408.0,4,0,0,0,0,30636
1456,50,35421.0,5,0,0,0,0,17375
1457,20,48660.0,6,1,0,0,0,47153
1458,64,67486.0,1,3,1,0,0,93909
1459,53,39252.0,5,0,0,0,0,25061
1460,20,47196.0,7,0,0,0,0,43363
1461,53,47951.0,2,7,1,1,0,45435
1462,33,48599.0,4,1,0,0,0,46602
1463,45,27920.0,2,0,0,0,0,5467
1464,31,44381.0,3,0,0,0,0,36158
1465,53,39107.0,6,0,0,0,0,24659
1466,20,38042.0,6,1,0,0,0,21736
1467,60,64670.0,4,2,1,0,0,86666
1468,43,41285.0,4,3,0,1,0,30232
1469,30,52660.0,7,0,0,0,0,55101
1470,32,32194.0,6,0,0,0,0,12406
1471,30,26983.0,4,0,0,0,0,4670
1472,36,55535.0,5,0,0,0,0,62155
1473,34,46993.0,5,1,0,0,0,43002
1474,34,39160.0,5,2,0,0,0,24708
1475,36,44659.0,4,3,0,1,0,37123
1476,33,42337.0,5,0,0,0,0,32604
1477,30,46585.0,3,3,0,0,0,41835
1478,39,37493.0,3,0,0,0,0,20256
1479,28,32153.0,6,0,0,0,0,11967
1480,25,33307.0,6,1,0,0,0,13832
1481,27,39427.0,2,2,0,0,0,25130
1482,67,32712.0,1,0,0,0,1,13318
1483,32,48038.0,4,1,0,0,0,45720
1484,42,45804.0,3,1,0,0,0,39542
1485,24,40936.0,6,5,0,1,0,27840
1486,19,37854.0,5,0,0,0,0,21249
1487,25,49793.0,6,0,0,0,0,48202
1488,34,37479.0,6,1,0,0,0,20591
1489,52,45614.0,1,1,0,0,0,38827
1490,41,40368.0,3,1,0,0,0,26944
1491,49,27030.0,2,0,0,0,0,4885
1492,50,35339.0,5,0,0,0,0,17110
1493,40,67986.0,4,0,0,0,0,96162
1494,34,31910.0,6,0,0,0,0,11147
1495,50,55101.0,5,1,1,0,0,60437
1496,31,60262.0,3,1,1,0,0,75818
1497,36,47958.0,5,0,0,0,0,44946
1498,52,37143.0,1,3,0,0,0,19858
1499,44,53201.0,2,4,1,0,0,55672
1500,20,42719.0,7,1,0,0,0,34139
1501,31,48457.0,3,3,0,0,0,46548
1502,48,35861.0,5,0,0,0,0,18425
1503,47,33033.0,3,3,0,0,0,13639
1504,54,53215.0,4,0,1,0,0,55846
1505,39,48697.0,3,2,1,0,0,47222
1506,49,35401.0,5,1,0,0,0,17972
1507,41,38155.0,2,0,0,0,0,22736
1508,39,44402.0,4,1,0,0,0,36577
1509,25,41574.0,7,2,0,1,0,30804
1510,26,46817.0,5,0,0,0,0,42815
1511,28,35264.0,5,1,0,0,0,17265
1512,38,32222.0,5,0,0,0,0,12035
1513,32,29916.0,7,0,0,0,0,7530
1514,46,40977.0,6,4,0,1,0,28917
1515,16,26972.0,3,0,0,0,0,4342
1516,39,73220.0,2,5,1,1,0,110597
1517,42,30470.0,5,0,0,0,0,8484
1518,62,50141.0,3,1,1,0,0,48847
1519,36,37940.0,6,1,0,0,0,21251
1520,24,50751.0,6,1,0,0,0,50025
1521,22,49013.0,6,1,0,0,0,47468
1522,31,30466.0,4,1,0,0,0,8425
1523,36,27846.0,3,1,0,0,0,5412
1524,44,32358.0,6,0,0,0,0,13031
1525,36,44443.0,4,4,0,1,0,35887
1526,32,47151.0,3,3,0,0,0,43381
1527,19,34830.0,2,0,0,0,0,15692
1528,45,54567.0,2,0,1,0,0,59015
1529,21,41064.0,6,0,0,0,0,30023
1530,47,43220.0,2,3,0,0,0,34710
1531,35,51014.0,6,0,1,0,0,50910
1532,30,35042.0,7,0,0,0,0,16047
1533,33,41008.0,3,6,0,1,0,28728
1534,33,58734.0,2,0,1,0,0,73353
1535,36,52224.0,7,2,0,1,0,53798
1536,32,43804.0,7,0,0,0,0,35229
1537,46,39345.0,7,0,0,0,0,25082
1538,44,25870.0,6,0,0,0,0,3087
1539,59,51528.0,2,0,0,0,0,52493
1540,54,69186.0,6,0,1,0,0,98468
1541,29,52677.0,5,0,0,0,0,55091
1542,43,27250.0,5,0,0,0,0,5112
1543,43,46582.0,7,1,0,0,0,42365
1544,45,51486.0,4,0,1,0,0,52074
1545,26,45852.0,4,1,0,0,0,39653
1546,41,31950.0,6,1,0,0,0,10595
1547,37,62646.0,4,0,1,0,0,81841
1548,39,31970.0,6,2,0,1,0,11695
1549,44,55646.0,3,3,1,0,0,63304
1550,44,50953.0,3,2,1,0,0,50789
1551,24,32367.0,3,2,0,0,0,12936
1552,42,24124.0,2,3,0,0,0,2096
1553,39,48461.0,7,0,1,0,0,46408
1554,55,50610.0,5,0,1,0,1,49597
1555,34,69227.0,3,0,1,0,0,99070
1556,50,40343.0,7,0,0,0,0,26857
1557,30,53204.0,4,0,1,0,0,56125
1558,30,46398.0,4,0,0,0,0,40579
1559,39,35064.0,6,5,0,1,0,16344
1560,60,22710.0,6,1,0,0,1,1357
1561,43,51253.0,7,0,1,0,0,51709
1562,34,35877.0,7,1,0,0,0,18804
1563,23,40960.0,7,3,0,1,0,28138
1564,48,41328.0,2,0,0,0,0,30399
1565,58,51135.0,6,1,1,0,0,51202
1566,37,42014.0,4,1,0,0,0,31487
1567,28,46650.0,3,0,1,0,0,42481
1568,36,50605.0,5,0,0,0,0,49782
1569,22,40990.0,6,5,0,1,0,28549
1570,28,58422.0,7,1,1,0,0,71979
1571,37,31880.0,7,0,0,0,0,10772
1572,45,41104.0,2,0,0,0,0,29645
1573,38,41317.0,5,1,0,0,0,30361
1574,37,41550.0,6,2,0,1,0,30695
1575,43,42649.0,3,0,1,0,0,33804
1576,36,30730.0,2,3,0,0,0,8557
1577,36,54424.0,4,2,1,0,0,58258
1578,47,31444.0,5,2,0,1,0,9940
1579,29,17751.0,4,1,0,0,0,326
1580,44,45479.0,7,1,0,0,0,38499
1581,49,41721.0,3,0,0,0,0,31019
1582,31,55017.0,3,0,1,0,0,60118
1583,39,54866.0,5,2,1,0,0,60083
1584,35,30387.0,3,3,0,0,0,8383
1585,41,41101.0,3,0,0,0,0,29355
1586,25,38236.0,5,0,0,0,0,23155
1587,42,38024.0,3,1,0,0,0,21508
1588,67,46642.0,3,0,0,0,0,42464
1589,32,54821.0,6,2,1,1,0,59273
1590,40,30983.0,4,1,0,0,0,8859
1591,42,50553.0,6,1,1,0,0,49522
1592,41,50977.0,3,0,1,0,0,51006
1593,31,70530.0,5,0,0,0,0,103009
1594,65,44416.0,4,0,0,0,1,36065
1595,33,53222.0,7,0,1,0,0,55692
1596,23,44713.0,6,0,0,0,0,36992
1597,28,45507.0,4,1,0,0,0,38675
1598,24,46563.0,7,2,0,1,0,41337
1599,36,34060.0,4,0,0,0,0,15180
1600,32,46458.0,6,0,0,0,0,40773
1601,52,42654.0,3,0,0,0,0,34483
1602,38,45977.0,3,1,0,0,0,39988
1603,71,53419.0,2,2,1,0,1,56491
1604,37,38249.0,2,0,0,0,0,22912
1605,48,46542.0,7,1,0,0,0,40699
1606,42,54610.0,4,2,1,0,0,59092
1607,67,38505.0,3,3,0,0,1,23606
1608,19,26080.0,7,1,0,0,0,3337
1609,30,48959.0,5,0,0,0,0,47522
1610,38,41328.0,6,2,0,1,0,30104
1611,23,35449.0,7,4,0,1,0,17876
1612,40,54635.0,3,1,1,0,0,58745
1613,38,53790.0,6,0,1,0,0,56991
1614,49,50999.0,4,0,1,0,0,50918
1615,42,50925.0,5,0,1,0,0,50635
1616,25,31313.0,2,1,0,0,0,9653
1617,45,28537.0,5,2,0,1,0,6535
1618,53,37658.0,3,0,0,0,0,20904
1619,14,51777.0,7,1,0,0,0,53058
1620,27,40971.0,5,2,0,0,0,29014
1621,42,35919.0,6,4,0,1,0,18687
1622,48,46542.0,7,1,0,0,0,40699
1623,27,50992.0,4,3,0,1,0,50970
1624,45,39924.0,3,1,0,0,0,26173
1625,41,38507.0,2,6,0,1,0,23698
1626,37,45499.0,3,3,0,0,0,38582
1627,59,59682.0,1,3,1,0,0,74628
1628,68,26972.0,2,3,0,0,1,4334
1629,35,54434.0,4,0,1,0,0,58160
1630,41,47351.0,6,0,0,0,0,43661
1631,53,37998.0,5,1,0,0,0,21984
1632,31,46635.0,5,0,0,0,0,42066
1633,34,49894.0,5,1,1,0,0,48460
1634,27,31927.0,6,0,0,0,0,11122
1635,54,48532.0,3,0,1,0,0,46267
1636,31,28316.0,4,0,0,0,0,6103
1637,48,48088.0,4,0,1,0,0,45930
1638,28,55062.0,3,0,1,0,0,60392
1639,25,28316.0,6,0,0,0,0,6014
1640,42,68028.0,2,1,1,0,0,97104
1641,36,41064.0,6,0,0,0,0,29303
1642,43,46637.0,5,1,0,0,0,41739
1643,37,35912.0,7,0,0,0,0,18846
1644,12,38892.0,6,1,0,0,0,24436
1645,46,31921.0,4,2,0,0,0,10820
1646,40,54920.0,7,5,1,1,0,59450
1647,25,55336.0,7,1,0,0,0,61671
1648,36,40955.0,5,0,0,0,0,28300
1649,25,28274.0,5,1,0,0,0,6040
1650,42,32042.0,5,3,0,1,0,11244
1651,40,34955.0,3,1,0,0,0,16278
1652,41,46627.0,2,1,0,0,0,42035
1653,47,46602.0,4,0,0,0,0,41059
1654,42,48640.0,2,0,1,0,0,46658
1655,34,54648.0,3,3,1,0,0,59084
1656,39,34465.0,2,0,0,0,0,15384
1657,37,42305.0,7,4,0,1,0,32736
1658,42,35040.0,2,1,0,0,0,16123
1659,35,52628.0,5,2,1,0,0,54584
1660,29,51464.0,5,1,0,0,0,52480
1661,41,28285.0,3,0,0,0,0,6303
1662,20,45133.0,2,1,0,0,0,37502
1663,36,37467.0,4,0,0,0,0,20732
1664,30,31875.0,5,1,0,0,0,11163
1665,37,41283.0,4,2,0,0,0,30138
1666,20,47005.0,6,2,0,0,0,42975
1667,23,51454.0,6,0,0,0,0,52473
1668,42,40661.0,4,1,0,0,0,27317
1669,52,30268.0,3,3,0,0,0,8230
1670,45,38868.0,6,4,0,1,0,24092
1671,41,53431.0,5,0,1,0,0,56467
1672,47,45462.0,3,3,0,0,0,38577
1673,23,28060.0,5,1,0,0,0,5513
1674,27,38814.0,6,0,0,0,0,23927
1675,35,38154.0,5,1,0,0,0,22919
1676,28,35324.0,4,0,0,0,0,16756
1677,42,40771.0,3,0,0,0,0,27532
1678,17,31318.0,2,1,0,0,0,9551
1679,33,49459.0,5,1,0,0,0,47939
1680,34,48050.0,4,0,0,0,0,45072
1681,29,32529.0,7,5,0,1,0,13196
1682,38,41793.0,3,0,0,0,0,31131
1683,36,55255.0,2,0,1,0,0,61749
1684,37,37290.0,5,0,0,0,0,20126
1685,48,38542.0,3,1,0,0,0,23642
1686,43,46606.0,4,0,0,0,0,41627
1687,53,29882.0,5,1,0,0,0,7572
1688,52,40780.0,4,0,0,0,0,27592
1689,36,55615.0,4,1,1,0,0,62602
1690,47,41035.0,5,7,0,1,0,29133
1691,30,55321.0,3,0,0,0,0,60708
1692,20,53233.0,6,2,1,0,0,55972
1693,47,28770.0,4,0,0,0,0,6749
1694,23,48425.0,7,4,0,1,0,46224
1695,27,41842.0,2,4,0,0,0,31236
1696,36,46535.0,5,0,0,0,0,40872
1697,51,68049.0,2,1,1,0,0,95882
1698,15,53990.0,3,0,1,0,0,57145
1699,43,35053.0,6,3,0,1,0,16350
1700,24,45337.0,4,1,0,0,0,37753
1701,40,52640.0,7,0,1,0,0,54871
1702,33,30423.0,6,0,0,0,0,8346
1703,36,42359.0,4,0,0,0,0,33037
1704,47,35435.0,2,4,0,0,0,17970
1705,52,28331.0,6,0,0,0,0,6003
1706,69,31575.0,3,0,0,0,1,10337
1707,25,26470.0,5,0,0,0,0,3905
1708,74,50247.0,2,0,0,0,0,49315
1709,32,38165.0,4,1,0,0,0,22660
1710,39,48042.0,2,1,1,0,0,44653
1711,37,39338.0,6,3,0,1,0,25058
1712,33,28869.0,7,2,0,1,0,6776
1713,37,39039.0,7,0,0,0,0,24644
1714,34,42677.0,5,2,0,0,0,34095
1715,37,28544.0,6,1,0,0,0,6515
1716,36,40750.0,3,3,0,0,0,27328
1717,33,38183.0,4,0,0,0,0,22924
1718,16,30539.0,2,1,0,0,0,8465
1719,36,42249.0,5,1,0,0,0,32240
1720,32,49920.0,7,0,0,0,0,48597
1721,39,46564.0,2,0,0,0,0,42115
1722,51,36448.0,2,2,0,0,0,19274
1723,60,34601.0,5,1,0,0,1,15410
1724,52,46618.0,3,2,0,0,0,42008
1725,54,51300.0,3,0,1,0,0,51443
1726,50,41035.0,4,1,0,0,0,28990
1727,41,28208.0,6,1,0,0,0,5597
1728,37,31036.0,2,1,0,0,0,8939
1729,37,40971.0,3,4,0,1,0,28997
1730,38,52763.0,2,0,1,0,0,55339
1731,43,44726.0,4,4,0,1,0,37125
1732,41,44369.0,7,4,0,1,0,36165
1733,47,25207.0,4,1,0,0,0,2674
1734,54,18792.0,4,0,0,0,1,555
1735,50,46819.0,3,0,0,0,0,42684
1736,62,51266.0,4,1,1,0,0,51777
1737,47,47053.0,5,0,1,0,0,43065
1738,46,40988.0,5,1,0,0,0,28673
1739,62,37906.0,5,0,0,0,0,21085
1740,46,29913.0,7,0,0,0,0,7556
1741,18,25042.0,4,0,0,0,0,2392
1742,53,47951.0,2,7,1,1,0,45435
1743,37,27185.0,7,0,0,0,0,5100
1744,33,44411.0,7,1,0,0,0,36545
1745,61,24098.0,4,1,0,0,1,2103
1746,53,63835.0,4,4,1,1,0,83984
1747,38,30951.0,5,0,0,0,0,9168
1748,51,41031.0,1,0,0,0,0,28130
1749,35,42434.0,4,0,0,0,0,32969
1750,42,27025.0,7,0,0,0,0,4252
1751,49,35936.0,1,1,0,0,0,18693
1752,35,39616.0,6,1,0,0,0,25312
1753,47,54437.0,5,0,1,0,0,58631
1754,56,58651.0,2,0,1,0,0,73250
1755,30,41991.0,6,1,0,0,0,31568
1756,40,30782.0,3,0,0,0,0,8697
1757,38,19906.0,3,0,0,0,0,832
1758,18,53336.0,7,4,0,1,0,56298
1759,65,30012.0,3,1,0,0,1,8005
1760,48,52234.0,4,0,1,0,0,53797
1761,42,37977.0,2,0,0,0,0,21620
1762,34,36932.0,4,1,0,0,0,19670
1763,23,36616.0,6,3,0,1,0,19405
1764,40,52028.0,7,0,1,0,0,53640
1765,39,48697.0,3,2,1,0,0,47222
1766,38,42232.0,3,1,0,0,0,32078
1767,50,67131.0,6,3,1,1,0,93447
1768,32,52613.0,2,0,0,0,0,54901
1769,52,49859.0,3,4,1,1,0,48575
1770,35,50969.0,4,2,1,0,0,51036
1771,42,38476.0,6,0,0,0,0,23519
1772,45,40919.0,7,0,0,0,0,27849
1773,40,50063.0,7,0,1,0,0,48938
1774,33,70046.0,3,1,1,0,0,101567
1775,39,44372.0,7,0,0,0,0,36786
1776,31,27619.0,5,0,0,0,0,5331
1777,27,37475.0,3,2,0,0,0,20743
1778,77,55131.0,4,1,1,0,1,60416
1779,33,35365.0,4,0,0,0,0,17843
1780,27,37363.0,3,0,0,0,0,20211
1781,51,18792.0,4,2,0,0,0,556
1782,55,36735.0,3,0,0,0,0,19482
1783,35,54357.0,6,0,1,0,0,58015
1784,43,44677.0,2,0,0,0,0,37145
1785,36,51036.0,4,1,0,0,0,51058
1786,33,32035.0,2,0,0,0,0,11474
1787,23,43833.0,3,2,0,0,0,35315
1788,33,53236.0,6,0,1,0,0,56112
1789,26,55317.0,7,3,1,1,0,61665
1790,43,37460.0,2,0,0,0,0,20464
1791,44,53524.0,5,0,1,0,0,56755
1792,35,47383.0,3,0,0,0,0,43733
1793,41,54872.0,2,0,1,0,0,60009
1794,29,48599.0,7,0,0,0,0,46803
1795,37,26210.0,7,1,0,0,0,3470
1796,44,44992.0,6,0,0,0,0,37411
1797,57,50085.0,1,0,0,0,1,49151
1798,30,32742.0,3,0,0,0,0,13363
1799,20,47844.0,3,0,0,0,0,43907
1800,42,34325.0,7,2,0,1,0,15299
1801,32,37489.0,3,2,0,0,0,20467
1802,39,39860.0,4,2,0,0,0,25824
1803,36,38837.0,6,4,0,1,0,23947
1804,52,51303.0,2,2,1,0,0,51634
1805,53,39184.0,3,0,0,0,0,24718
1806,36,52555.0,4,3,0,1,0,54571
1807,41,41133.0,5,4,0,1,0,29694
1808,41,42702.0,5,1,0,0,0,34330
1809,39,39854.0,6,0,0,0,0,26224
1810,51,21555.0,4,1,0,0,0,1149
1811,35,55292.0,5,0,1,0,0,61098
1812,52,34764.0,1,0,0,0,0,15661
1813,43,41048.0,4,1,0,0,0,28994
1814,51,54644.0,6,6,1,1,0,58922
1815,28,32223.0,5,1,0,0,0,12200
1816,31,39224.0,4,0,0,0,0,24684
1817,30,28470.0,3,0,0,0,0,6479
1818,37,48035.0,3,0,1,0,0,44483
1819,65,52311.0,1,4,0,0,1,53886
1820,47,51537.0,4,0,1,0,0,52402
1821,38,55340.0,2,1,1,0,0,60884
1822,40,51675.0,3,1,1,0,0,52658
1823,40,38205.0,4,1,0,0,0,23125
1824,39,30959.0,2,0,0,0,0,9399
1825,26,71100.0,3,0,1,0,0,106341
1826,41,70313.0,5,0,0,0,0,102183
1827,26,55253.0,5,0,1,0,0,61372
1828,50,46784.0,1,5,1,0,0,42582
1829,44,51047.0,4,5,1,1,0,50868
1830,39,42732.0,4,0,0,0,0,34142
1831,35,23869.0,5,4,0,1,0,1992
1832,33,33881.0,7,0,0,0,0,14879
1833,85,46607.0,1,2,1,0,1,42317
1834,46,41600.0,3,1,0,0,0,30973
1835,42,48000.0,3,0,1,0,0,44469
1836,31,24374.0,2,1,0,0,0,2248
1837,36,45374.0,2,1,0,0,0,38190
1838,46,36304.0,7,0,0,0,0,19020
1839,68,50000.0,2,1,0,0,1,48704
1840,28,55446.0,5,1,1,0,0,61931
1841,43,49751.0,2,1,1,0,0,48150
1842,39,23493.0,3,0,0,0,0,1856
1843,37,28384.0,6,0,0,0,0,6455
1844,34,31535.0,7,0,0,0,0,10192
1845,43,45876.0,7,1,0,0,0,39793
1846,37,46582.0,7,0,0,0,0,42368
1847,51,41827.0,4,1,0,0,0,31063
1848,27,34839.0,2,3,0,0,0,15871
1849,23,54948.0,5,0,0,0,0,60014
1850,39,31006.0,4,1,0,0,0,8929
1851,49,48508.0,2,0,1,0,0,46310
1852,26,46019.0,3,2,0,0,0,40076
1853,43,37324.0,5,3,0,1,0,20170
1854,39,37915.0,7,2,0,1,0,21115
1855,41,45961.0,3,2,0,0,0,40097
1856,53,37861.0,2,0,0,0,0,21120
1857,36,67959.0,6,3,1,1,0,97003
1858,45,31240.0,6,1,0,0,0,9521
1859,46,51741.0,6,1,1,0,0,52974
1860,38,52547.0,7,0,1,0,0,54125
1861,53,36262.0,6,1,0,0,0,18992
1862,38,42360.0,5,1,0,0,0,33054
1863,32,35364.0,4,0,0,0,0,17509
1864,36,46623.0,6,1,0,0,0,41980
1865,36,46463.0,5,1,0,0,0,40896
1866,60,36888.0,6,1,0,0,0,19708
1867,47,46583.0,4,0,0,0,0,40913
1868,42,24534.0,3,0,0,0,0,2282
1869,40,54406.0,7,0,0,0,0,58367
1870,30,55292.0,5,0,0,0,0,61608
1871,34,46634.0,3,0,0,0,0,41244
1872,50,68029.0,3,1,1,0,0,96632
1873,23,55256.0,7,0,1,0,0,61720
1874,25,30524.0,6,1,0,0,0,8414
1875,31,46469.0,5,1,0,0,0,40772
1876,29,26090.0,2,0,0,0,0,3246
1877,59,49417.0,3,1,1,0,0,47838
1878,34,40313.0,4,0,0,0,0,26839
1879,41,27499.0,6,7,0,1,0,5276
1880,36,40991.0,2,5,0,0,0,28470
1881,38,50621.0,2,4,0,0,0,49567
1882,41,55492.0,2,2,0,0,0,62180
1883,54,48043.0,6,0,1,0,0,44437
1884,33,54371.0,4,1,1,0,0,58640
1885,42,46633.0,5,0,0,0,0,41880
1886,40,23537.0,5,1,0,0,0,1871
1887,33,42059.0,3,0,0,0,0,31916
1888,38,38091.0,2,1,0,0,0,22208
1889,38,48323.0,6,2,1,1,0,46129
1890,35,31695.0,5,1,0,0,0,10469
1891,43,28310.0,4,4,0,1,0,6081
1892,49,48675.0,7,1,1,0,0,47244
1893,54,53583.0,4,0,1,0,0,56937
1894,82,35413.0,6,0,0,0,0,17474
1895,26,55363.0,4,0,0,0,0,62019
1896,33,33303.0,4,0,0,0,0,13811
1897,39,26184.0,5,2,0,0,0,3408
1898,40,37473.0,5,2,0,0,0,20284
1899,18,52897.0,5,1,0,0,0,55439
1900,23,54050.0,2,1,1,0,0,57096
1901,37,51270.0,6,0,1,0,0,51362
1902,38,46192.0,4,1,0,0,0,40485
1903,40,25028.0,3,0,0,0,0,2404
1904,65,54446.0,5,1,1,0,0,58514
1905,93,31023.0,1,1,1,0,1,8820
1906,62,33893.0,4,1,0,0,0,14826
1907,30,50095.0,6,1,0,0,0,49108
1908,53,55428.0,1,0,1,0,0,61852
1909,17,55288.0,7,0,1,0,0,60686
1910,72,54760.0,1,0,0,0,0,59182
1911,48,43312.0,5,0,0,0,0,35083
1912,38,47923.0,4,5,0,1,0,44037
1913,55,32187.0,4,1,0,0,1,12663
1914,50,52449.0,3,1,1,0,0,54032
1915,29,45486.0,5,0,0,0,0,38504
1916,55,45063.0,1,0,0,0,1,37563
1917,60,46636.0,4,3,0,1,0,41976
1918,33,30117.0,5,0,0,0,0,8158
1919,29,26889.0,4,2,0,0,0,4069
1920,35,55098.0,7,0,1,0,0,60347
1921,38,38184.0,5,1,0,0,0,22857
1922,41,46491.0,5,0,0,0,0,40866
1923,30,41007.0,5,0,0,0,0,29040
1924,43,54024.0,4,0,1,0,0,57094
1925,36,48560.0,6,0,0,0,0,46890
1926,36,33661.0,3,1,0,0,0,14516
1927,37,52541.0,3,1,1,0,0,54069
1928,26,48457.0,3,0,0,0,0,46549
1929,45,47951.0,3,0,1,0,0,45433
1930,57,39859.0,5,0,0,0,0,25899
1931,28,41146.0,5,4,0,1,0,29504
1932,68,31588.0,3,1,0,0,1,10226
1933,37,32197.0,6,0,0,0,0,12615
1934,42,32185.0,5,1,0,0,0,12433
1935,36,46026.0,7,0,0,0,0,40159
1936,35,47968.0,6,2,0,1,0,44292
1937,39,50364.0,4,4,0,1,0,49413
1938,35,33568.0,7,2,0,1,0,14288
1939,53,47110.0,6,0,1,0,0,43060
1940,26,42838.0,7,1,0,0,0,34554
1941,40,33570.0,7,5,0,1,0,14236
1942,31,55252.0,5,0,1,0,0,60860
1943,82,31928.0,6,2,0,0,0,10593
1944,35,30998.0,3,0,0,0,0,9074
1945,52,51676.0,4,0,1,0,0,52777
1946,35,41060.0,4,2,0,0,0,29217
1947,45,33931.0,2,2,0,0,0,14812
1948,28,47276.0,5,1,1,0,0,43494
1949,23,54018.0,4,0,1,0,0,57466
1950,36,42233.0,2,2,0,0,0,32119
1951,59,61955.0,6,0,1,0,0,80389
1952,49,23590.0,5,0,0,0,0,1888
1953,47,51368.0,3,1,1,0,0,51915
1954,43,35404.0,3,2,0,0,0,17305
1955,30,35042.0,7,0,0,0,0,16047
1956,33,45202.0,6,0,0,0,0,37610
1957,31,37913.0,6,0,0,0,0,21293
1958,25,50398.0,7,1,0,0,0,49399
1959,49,41991.0,3,0,0,0,0,31582
1960,32,40189.0,2,1,0,0,0,26622
1961,42,53152.0,5,0,1,0,0,55955
1962,60,51933.0,2,0,0,0,0,53400
1963,38,62925.0,4,1,1,0,0,82930
1964,36,44414.0,4,1,0,0,0,35965
1965,33,38240.0,5,0,0,0,0,22446
1966,41,54392.0,6,1,1,0,0,58302
1967,38,45410.0,4,7,0,1,0,38063
1968,37,46034.0,3,0,0,0,0,40016
1969,30,24972.0,2,0,0,0,0,2434
1970,35,38891.0,4,0,0,0,0,23996
1971,22,23047.0,2,0,0,0,0,1592
1972,15,38157.0,4,2,0,0,0,23010
1973,32,40981.0,4,0,0,0,0,28810
1974,57,30006.0,2,0,0,0,0,7989
1975,34,50561.0,5,0,0,0,0,49546
1976,24,31854.0,2,0,0,0,0,10659
1977,46,47967.0,3,0,1,0,0,45376
1978,19,38867.0,4,0,0,0,0,24250
1979,46,27795.0,4,1,0,0,0,5414
1980,40,40392.0,5,4,0,1,0,27050
1981,41,54880.0,2,1,1,0,0,59358
1982,38,52717.0,2,0,1,0,0,55219
1983,30,42593.0,4,2,0,0,0,33834
1984,65,50804.0,4,2,0,0,1,49981
1985,53,53238.0,3,2,1,0,0,56137
1986,36,46593.0,7,1,0,0,0,42254
1987,56,26958.0,1,0,0,0,0,4279
1988,38,55311.0,6,1,1,0,0,60642
1989,57,30986.0,6,2,0,1,0,8912
1990,43,22505.0,5,1,0,0,0,1305
1991,56,37142.0,6,0,0,0,0,19907
1992,37,68023.0,4,1,1,0,0,96282
1993,72,44416.0,4,3,0,1,1,35870
1994,40,54371.0,3,2,1,0,0,58666
1995,42,59111.0,6,0,1,0,0,73808
1996,43,41048.0,4,1,0,0,0,28994
1997,22,34991.0,6,3,0,1,0,16116
1998,43,43832.0,4,1,0,0,0,35339
1999,24,41284.0,3,4,0,1,0,30221
2000,48,45713.0,6,0,1,0,0,39043
2001,43,42142.0,2,1,0,0,0,32035
2002,42,45987.0,7,4,0,1,0,40132
2003,40,45666.0,2,2,0,0,0,39236
2004,40,33932.0,4,1,0,0,0,14894
2005,37,36657.0,7,0,0,0,0,19525
2006,50,39284.0,5,1,0,0,0,24882
2007,36,42382.0,3,2,0,0,0,33129
2008,49,28482.0,5,2,0,0,0,6521
2009,28,41004.0,3,0,0,0,0,28001
2010,50,53121.0,7,0,1,0,0,55481
2011,43,32190.0,4,1,0,0,0,12675
2012,21,55480.0,6,0,1,0,0,62524
2013,39,31616.0,3,1,0,0,0,10256
2014,34,41986.0,7,0,0,0,0,31655
2015,36,45411.0,7,0,0,0,0,38046
2016,37,53617.0,6,0,1,0,0,56888
2017,31,42516.0,7,0,0,0,0,33269
2018,32,33922.0,7,1,0,0,0,15013
2019,46,54251.0,4,3,1,1,0,57963
2020,50,55308.0,5,1,1,0,0,60614
2021,23,55277.0,2,1,1,0,0,60965
2022,25,31981.0,2,1,0,0,0,11568
2023,26,19934.0,6,1,0,0,0,864
2024,51,38152.0,2,0,0,0,0,22558
2025,35,55488.0,2,5,0,1,0,62554
2026,73,39919.0,1,0,0,0,1,26028
2027,39,46631.0,4,0,0,0,0,41065
2028,52,50133.0,3,0,1,0,0,49066
2029,25,41962.0,6,0,0,0,0,31651
2030,39,42588.0,5,2,0,1,0,33806
2031,38,40958.0,5,3,0,1,0,28518
2032,44,55615.0,2,0,1,0,0,62746
2033,33,73069.0,7,1,1,1,0,110149
2034,48,51304.0,1,2,1,0,0,51558
2035,45,69270.0,5,2,0,0,0,99569
2036,30,37464.0,7,1,0,0,0,20323
2037,40,44704.0,3,1,0,0,0,37089
2038,49,41564.0,6,3,0,1,0,30827
2039,61,50560.0,2,2,1,0,0,49511
2040,38,28341.0,2,3,0,0,0,5780
2041,41,55378.0,3,0,1,0,0,61856
2042,53,33893.0,4,1,0,0,0,15050
2043,24,17751.0,4,0,0,0,0,325
2044,53,39860.0,1,1,0,0,0,26275
2045,26,56981.0,7,1,1,0,0,69174
2046,37,28274.0,6,3,0,1,0,6296
2047,46,23101.0,5,2,0,1,0,1661
2048,49,67597.0,4,1,1,0,0,94333
2049,35,30978.0,3,2,0,0,0,9219
2050,55,27022.0,3,0,0,0,0,4809
2051,48,46629.0,7,4,0,1,0,42083
2052,50,44685.0,1,3,0,0,0,37240
2053,46,38498.0,3,3,0,0,0,23546
2054,16,55643.0,7,0,0,0,0,62870
2055,38,25640.0,4,0,0,0,0,2866
2056,41,45340.0,6,1,0,0,0,37771
2057,31,43849.0,7,5,0,1,0,35241
2058,39,32854.0,4,1,0,0,0,13617
2059,27,54086.0,4,6,1,1,0,57680
2060,34,31617.0,3,1,0,0,0,10450
2061,39,31959.0,2,1,0,0,0,11656
2062,33,57924.0,3,1,1,0,0,71071
2063,50,52745.0,6,0,1,0,0,55063
2064,37,39390.0,6,0,0,0,0,25247
2065,56,25147.0,5,0,0,0,1,2506
2066,56,57624.0,6,0,1,0,0,70168
2067,36,44669.0,3,0,0,0,0,37276
2068,40,41771.0,6,2,0,1,0,31051
2069,42,26672.0,4,0,0,0,0,4024
2070,32,41102.0,4,4,0,1,0,29752
2071,43,27003.0,6,2,0,1,0,4292
2072,29,46480.0,3,0,0,0,0,40714
2073,37,51919.0,2,0,1,0,0,53394
2074,44,51537.0,2,0,1,0,0,52279
2075,56,33920.0,2,1,0,0,1,14994
2076,44,40604.0,6,1,0,0,0,27234
2077,39,32151.0,4,0,0,0,0,12643
2078,35,32223.0,7,0,0,0,0,11963
2079,18,42794.0,7,7,0,1,0,34569
2080,39,19914.0,2,0,0,0,0,673
2081,21,38890.0,7,2,0,1,0,24043
2082,32,55309.0,4,0,0,0,0,61396
2083,32,48050.0,4,0,0,0,0,45069
2084,38,47994.0,6,0,0,0,0,44453
2085,41,44420.0,3,7,0,1,0,36404
2086,36,44659.0,4,3,0,1,0,37123
2087,31,45683.0,7,0,0,0,0,39150
2088,60,42705.0,2,0,0,0,0,33902
2089,42,44383.0,3,1,0,0,0,36698
2090,44,46542.0,4,3,0,1,0,40651
2091,46,30982.0,3,2,0,0,0,9274
2092,56,35251.0,4,1,0,0,0,16854
2093,39,51070.0,7,1,1,0,0,51299
2094,38,45458.0,4,1,0,0,0,38621
2095,45,28249.0,2,0,0,0,0,5592
2096,41,31290.0,3,2,0,0,0,9547
2097,23,42708.0,2,0,0,0,0,34376
2098,46,31960.0,4,0,0,0,0,11803
2099,49,52579.0,2,0,1,0,0,54880
2100,51,41032.0,6,0,0,0,0,29094
2101,37,40977.0,7,0,0,0,0,28370
2102,32,44399.0,3,2,0,0,0,36484
2103,63,35371.0,3,1,0,0,1,17653
2104,41,62869.0,6,0,1,0,0,82902
2105,30,45745.0,4,0,0,0,0,39201
2106,33,35260.0,7,0,0,0,0,17188
2107,40,55322.0,3,0,1,0,0,60639
2108,39,41030.0,3,3,0,0,0,28701
2109,38,40609.0,4,0,0,0,0,27229
2110,32,31904.0,3,1,0,0,0,11092
2111,32,71844.0,5,1,1,0,0,108554
2112,41,53226.0,6,0,1,0,0,55948
2113,44,46020.0,4,4,0,1,0,39858
2114,49,54117.0,2,1,0,0,0,57696
2115,36,50809.0,4,5,0,1,0,50113
2116,36,76851.0,2,1,1,0,0,114747
2117,39,34850.0,3,0,0,0,0,15699
2118,49,47956.0,5,0,1,0,0,45594
2119,40,27350.0,3,1,0,0,0,5220
2120,35,28261.0,3,0,0,0,0,6380
2121,52,41954.0,2,0,0,0,0,31749
2122,28,31965.0,5,0,0,0,0,11558
2123,31,39347.0,3,3,0,0,0,24912
2124,33,35365.0,4,0,0,0,0,17843
2125,36,26191.0,3,0,0,0,0,3584
2126,35,39908.0,4,0,0,0,0,26440
2127,40,65106.0,5,2,1,0,0,88930
2128,71,38204.0,1,0,0,0,1,22893
2129,42,50856.0,6,0,1,0,0,50295
2130,53,35143.0,4,0,0,0,0,16436
2131,68,33940.0,6,0,0,0,1,15022
2132,43,37052.0,4,1,0,0,0,19812
2133,28,54996.0,6,0,1,0,0,60237
2134,32,37525.0,4,0,0,0,0,20698
2135,47,53340.0,3,2,1,0,0,56325
2136,37,32921.0,5,1,0,0,0,13545
2137,21,43121.0,4,1,0,0,0,34631
2138,37,38898.0,5,1,0,0,0,24104
2139,43,47148.0,4,1,1,0,0,43223
2140,42,54916.0,5,0,1,0,0,59381
2141,45,46477.0,6,1,0,0,0,40674
2142,39,41258.0,6,3,0,1,0,30148
2143,46,48456.0,3,0,1,0,0,46262
2144,22,40999.0,6,5,0,1,0,28938
2145,28,52396.0,6,1,1,0,0,54043
2146,47,46585.0,3,1,0,0,0,41836
2147,36,44402.0,4,0,0,0,0,36574
2148,35,40295.0,6,1,0,0,0,26724
2149,29,65052.0,3,4,1,1,0,89451
2150,21,38525.0,5,0,0,0,0,23633
2151,22,40913.0,2,0,0,0,0,27903
2152,40,22915.0,2,2,0,0,0,1495
2153,38,39426.0,7,7,0,1,0,25126
2154,18,31255.0,4,3,0,1,0,9622
2155,32,55560.0,6,0,1,0,0,62865
2156,35,39894.0,7,0,0,0,0,26110
2157,18,26249.0,3,0,0,0,0,3426
2158,36,41138.0,2,7,0,0,0,29807
2159,37,33283.0,4,2,0,0,0,13886
2160,19,32089.0,4,3,0,1,0,11899
2161,70,40041.0,5,0,0,0,1,26512
2162,50,39270.0,6,1,0,0,0,24908
2163,52,47403.0,1,0,0,0,0,43771
2164,47,51478.0,4,0,1,0,0,52382
2165,46,55420.0,2,0,1,0,0,61976
2166,57,54003.0,2,1,1,0,0,57261
2167,40,34765.0,5,4,0,1,0,15561
2168,48,44427.0,3,0,0,0,0,36292
2169,38,31275.0,3,3,0,0,0,9743
2170,52,42479.0,6,2,0,0,0,33250
2171,37,28282.0,3,0,0,0,0,6117
2172,37,55497.0,2,4,0,0,0,62397
2173,26,52691.0,5,0,0,0,0,55177
2174,47,47388.0,7,1,0,0,0,43671
2175,44,31553.0,6,1,0,0,0,10340
2176,53,25902.0,5,1,0,0,0,3109
2177,28,70914.0,7,1,1,1,0,104728
2178,59,51506.0,5,0,1,0,1,52316
2179,28,50115.0,3,0,1,0,0,49068
2180,47,30972.0,3,3,0,0,0,9323
2181,29,65756.0,5,4,1,1,0,90752
2182,40,40853.0,4,0,0,0,0,27826
2183,23,39439.0,3,2,0,0,0,25262
2184,30,61258.0,5,0,1,0,0,78066
2185,34,26596.0,7,0,0,0,0,3977
2186,40,47956.0,4,0,0,0,0,45112
2187,54,22889.0,5,2,0,1,1,1561
2188,52,34617.0,4,0,0,0,0,15441
2189,38,50626.0,6,1,1,0,0,49580
2190,38,54363.0,7,0,1,0,0,58381
2191,32,43258.0,7,0,0,0,0,34948
2192,53,41126.0,1,0,0,0,0,30050
2193,24,57020.0,2,1,1,0,0,68976
2194,36,39851.0,3,0,0,0,0,26055
2195,30,27013.0,3,2,0,0,0,4790
2196,36,29906.0,5,1,0,0,0,7570
2197,40,27037.0,6,2,0,1,0,4380
2198,31,44051.0,5,1,0,0,0,35735
2199,43,27183.0,4,3,0,1,0,5113
2200,35,29705.0,5,2,0,1,0,7218
2201,43,51042.0,3,2,1,0,0,50725
2202,35,46617.0,7,1,0,0,0,42093
2203,26,22245.0,4,1,0,0,0,1237
2204,46,50568.0,7,0,1,0,0,49814
2205,60,34601.0,5,1,0,0,1,15410
2206,29,42629.0,4,0,0,0,0,33639
2207,42,16959.0,2,2,0,0,0,210
2208,36,34569.0,7,1,0,0,0,15406
2209,38,46137.0,4,0,0,0,0,40395
2210,39,55001.0,4,3,1,1,0,60103
2211,32,46604.0,4,1,0,0,0,41335
2212,36,50126.0,6,1,0,0,0,49132
2213,39,42563.0,3,2,0,0,0,33768
2214,46,50906.0,4,0,1,0,0,50410
2215,38,46640.0,2,0,0,0,0,41653
2216,35,42721.0,6,0,0,0,0,34157
2217,64,32177.0,2,0,0,0,1,12285
2218,40,24838.0,7,4,0,1,0,2327
2219,61,28982.0,2,2,0,0,0,6825
2220,45,42224.0,5,0,0,0,0,32383
2221,33,51481.0,3,0,0,0,0,52380
2222,44,42210.0,3,0,0,0,0,32076
2223,51,52631.0,2,2,1,0,0,54754
2224,28,35878.0,3,1,0,0,0,18650
2225,44,44389.0,3,1,0,0,0,36716
2226,31,17932.0,4,0,0,0,0,448
2227,70,40732.0,2,1,0,0,0,27397
2228,19,45309.0,4,0,0,0,0,37778
2229,44,31895.0,6,2,0,1,0,11114
2230,49,46008.0,4,0,0,0,0,39902
2231,52,53317.0,1,0,1,0,0,56239
2232,30,52532.0,5,0,0,0,0,54116
2233,48,32214.0,4,3,0,1,0,12623
2234,41,52282.0,3,2,1,0,0,53821
2235,28,54584.0,6,0,1,0,0,58727
2236,39,49029.0,5,0,1,0,0,47452
2237,45,26126.0,5,0,0,0,0,3148
2238,18,54611.0,4,1,0,0,0,58948
2239,38,43072.0,5,0,0,0,0,34641
2240,45,54366.0,2,1,1,0,0,58485
2241,35,45795.0,5,1,0,0,0,39486
2242,11,34561.0,5,1,0,0,0,15431
2243,44,49920.0,7,0,1,0,0,48596
2244,42,33258.0,4,2,0,0,0,14108
2245,50,49817.0,5,0,1,0,0,48183
2246,33,38011.0,5,1,0,0,0,21973
2247,38,49867.0,2,1,1,0,0,48473
2248,69,44408.0,1,0,0,0,1,36208
2249,24,19933.0,5,1,0,0,0,714
2250,48,42012.0,7,0,0,0,0,31485
2251,33,31875.0,5,1,0,0,0,11164
2252,43,35294.0,4,1,0,0,0,17294
2253,35,34040.0,6,1,0,0,0,15118
2254,36,37884.0,7,2,0,1,0,21192
2255,42,32025.0,5,1,0,0,0,11406
2256,42,38172.0,3,2,0,0,0,22846
2257,50,39384.0,6,1,0,0,0,25154
2258,53,41114.0,4,0,0,0,0,29996
2259,50,72869.0,4,0,1,0,0,109899
2260,38,34487.0,6,4,0,1,0,15358
2261,31,62396.0,2,1,1,0,0,81695
2262,20,41103.0,3,0,0,0,0,29196
2263,37,50171.0,7,6,0,1,0,49194
2264,36,55628.0,4,1,1,0,0,62641
2265,45,44388.0,2,2,0,0,0,36110
2266,50,26972.0,3,1,0,0,0,4778
2267,51,34887.0,6,0,0,0,0,15898
2268,32,33550.0,5,1,0,0,0,14148
2269,19,45138.0,3,2,0,0,0,37590
2270,34,58616.0,3,1,1,0,0,72114
2271,40,45747.0,5,2,0,1,0,39390
2272,48,35353.0,5,0,0,0,0,17748
2273,29,37532.0,4,4,0,1,0,20572
2274,45,35308.0,5,0,0,0,0,16831
2275,41,31317.0,2,3,0,0,0,9534
2276,46,51270.0,3,7,1,1,0,51765
2277,47,45722.0,6,1,0,0,0,39412
2278,50,17774.0,3,1,0,0,0,295
2279,41,48555.0,2,1,1,0,0,47037
2280,38,39293.0,4,3,0,1,0,25025
2281,43,54631.0,3,0,1,0,0,59010
2282,27,48002.0,7,0,0,0,0,45031
2283,47,50871.0,6,4,1,1,0,50379
2284,52,41140.0,2,4,0,0,0,29542
2285,38,32243.0,3,0,0,0,0,12682
2286,26,37880.0,4,3,0,1,0,21357
2287,59,46562.0,2,1,0,0,0,41202
2288,35,54372.0,4,1,1,0,0,58233
2289,54,50918.0,3,0,1,0,0,50461
2290,24,45240.0,5,4,0,1,0,37622
2291,39,54622.0,2,3,1,0,0,59051
2292,50,45708.0,4,1,1,0,0,39400
2293,25,51046.0,5,0,0,0,0,50982
2294,19,38461.0,4,1,0,0,0,23751
2295,47,54649.0,4,3,1,1,0,58939
2296,28,36310.0,7,1,0,0,0,19083
2297,28,35862.0,2,2,0,0,0,18852
2298,31,38865.0,4,1,0,0,0,24041
2299,46,55326.0,7,1,1,0,0,60572
2300,46,60162.0,3,1,1,0,0,75334
2301,38,53292.0,3,2,1,0,0,56255
2302,39,34566.0,2,0,0,0,0,15398
2303,43,39918.0,4,1,0,0,0,26024
2304,25,43444.0,6,2,0,0,0,35116
2305,43,51522.0,3,0,1,0,0,52068
2306,45,28292.0,7,0,0,0,0,5781
2307,35,31507.0,7,0,0,0,0,10218
2308,32,44400.0,3,0,0,0,0,36447
2309,32,55099.0,6,1,1,0,0,60458
2310,62,41292.0,5,0,0,0,0,30477
2311,37,41317.0,5,4,0,1,0,30360
2312,29,54017.0,6,0,1,0,0,57435
2313,20,50183.0,5,0,0,0,0,49381
2314,40,44351.0,7,0,0,0,0,36041
2315,50,50816.0,4,7,1,1,0,50126
2316,36,33718.0,7,1,0,0,0,14554
2317,44,55615.0,2,0,1,0,0,62746
2318,36,62411.0,2,0,1,0,0,81389
2319,15,39270.0,7,0,0,0,0,25042
2320,50,33912.0,4,0,0,0,0,14864
2321,34,46618.0,2,2,0,0,0,40951
2322,47,62647.0,6,1,1,0,0,82342
2323,51,44705.0,3,2,0,0,0,37040
2324,60,51702.0,4,0,1,0,0,52836
2325,54,19934.0,5,1,0,0,1,884
2326,18,42413.0,5,3,0,1,0,33106
2327,58,55460.0,5,0,1,0,0,62194
2328,40,55266.0,2,1,1,0,0,61551
2329,52,67998.0,4,0,1,0,0,95661
2330,49,43904.0,3,3,0,0,0,35539
2331,72,57689.0,3,1,1,0,1,70695
2332,60,65142.0,4,1,1,0,1,89243
2333,30,37120.0,5,1,0,0,0,19938
2334,30,35892.0,7,1,0,0,0,18854
2335,28,41029.0,6,0,0,0,0,28889
2336,40,51511.0,3,1,1,0,0,52557
2337,37,32382.0,7,1,0,0,0,13048
2338,35,48613.0,4,1,1,0,0,46765
2339,30,54839.0,2,1,1,0,0,59147
2340,35,54630.0,7,1,1,0,0,58903
2341,44,31901.0,6,0,0,0,0,10723
2342,31,39840.0,7,1,0,0,0,25594
2343,31,39921.0,3,0,0,0,0,26406
2344,64,40863.0,3,1,0,0,0,27990
2345,30,51786.0,3,0,0,0,0,52983
2346,38,52669.0,7,0,1,0,0,55261
2347,42,71544.0,5,2,1,1,0,107506
2348,65,50929.0,5,0,0,0,1,50390
2349,31,38361.0,7,1,0,0,0,23325
2350,38,41258.0,4,0,0,0,0,30181
2351,24,73223.0,5,0,1,0,0,110365
2352,50,19064.0,6,0,0,0,0,615
2353,52,45269.0,2,3,0,0,0,37830
2354,43,45709.0,3,0,1,0,0,39070
2355,29,35404.0,7,3,0,1,0,18001
2356,43,61319.0,6,0,1,0,0,78040
2357,46,22729.0,3,0,0,0,0,1373
2358,37,35687.0,3,3,0,0,0,18197
2359,50,40861.0,2,1,0,0,0,27789
2360,47,46602.0,4,0,0,0,0,41059
2361,15,44416.0,5,1,0,0,0,36254
2362,35,21515.0,2,0,0,0,0,1118
2363,41,39834.0,5,0,0,0,0,25379
2364,40,51917.0,2,3,1,0,0,53108
2365,42,51298.0,7,1,1,0,0,51636
2366,17,37871.0,5,0,0,0,0,21214
2367,43,45259.0,7,1,0,0,0,37697
2368,52,31020.0,2,0,0,0,0,9444
2369,36,46116.0,2,1,0,0,0,40316
2370,29,35430.0,7,0,0,0,0,17690
2371,57,39774.0,3,0,0,0,0,25509
2372,48,38029.0,7,0,0,0,0,21932
2373,37,53268.0,2,2,1,0,0,56343
2374,36,38675.0,6,2,0,1,0,23867
2375,43,44441.0,6,0,0,0,0,36260
2376,37,41060.0,6,2,0,1,0,29248
2377,41,35911.0,4,3,0,1,0,18626
2378,43,41803.0,5,1,0,0,0,31169
2379,25,43209.0,4,0,0,0,0,34715
2380,23,22819.0,7,2,0,1,0,1415
2381,35,52610.0,4,0,1,0,0,54916
2382,17,35277.0,4,4,0,1,0,17252
2383,35,48515.0,7,2,1,1,0,46246
2384,39,51506.0,6,1,1,0,0,52315
2385,39,67491.0,5,2,1,0,0,94064
2386,38,25839.0,4,1,0,0,0,2939
2387,25,40983.0,2,1,0,0,0,29052
2388,39,49176.0,7,0,1,0,0,47599
2389,54,53398.0,6,0,1,0,0,56588
2390,49,39893.0,5,3,0,1,0,25723
2391,39,41010.0,6,2,0,1,0,29007
2392,23,51733.0,5,1,0,0,0,52872
2393,55,32023.0,3,3,0,0,0,11447
2394,53,38911.0,5,0,0,0,0,23988
2395,43,47386.0,7,2,1,1,0,43761
2396,40,36707.0,7,4,0,1,0,19486
2397,48,41953.0,2,1,0,0,0,31846
2398,15,52496.0,5,4,0,1,0,54287
2399,32,48050.0,4,0,0,0,0,45069
2400,32,75036.0,3,0,1,0,0,112325
2401,40,55859.0,7,0,1,0,0,64199
2402,37,33258.0,4,0,0,0,0,14109
2403,33,54188.0,2,0,0,0,0,57799
2404,31,53176.0,7,0,1,0,0,55607
2405,32,45382.0,6,3,0,1,0,38060
2406,40,45467.0,3,4,0,1,0,38426
2407,14,42683.0,6,1,0,0,0,34164
2408,49,33938.0,7,1,0,0,0,14787
2409,40,45852.0,6,0,0,0,0,39753
2410,32,35873.0,3,0,0,0,0,18336
2411,39,44187.0,2,7,0,1,0,35788
2412,28,37990.0,5,0,0,0,0,21792
2413,17,45141.0,5,0,0,0,0,37558
2414,22,26065.0,7,0,0,0,0,3367
2415,31,14783.0,2,0,0,0,0,105
2416,34,53428.0,4,0,1,0,0,56514
2417,19,35356.0,4,0,0,0,0,17747
2418,61,69165.0,3,1,1,0,0,98739
2419,41,55499.0,2,1,0,0,0,62188
2420,53,47116.0,1,2,1,0,0,43215
2421,47,51478.0,4,0,1,0,0,52382
2422,39,46452.0,2,1,0,0,0,40602
2423,44,35873.0,3,1,0,0,0,18496
2424,59,38192.0,6,0,0,0,0,23088
2425,36,46574.0,5,2,0,0,0,41720
2426,42,46613.0,3,1,0,0,0,42090
2427,30,35283.0,6,1,0,0,0,17090
2428,41,24753.0,3,1,0,0,0,2322
2429,44,48043.0,3,0,1,0,0,45565
2430,62,55529.0,5,1,0,0,0,62460
2431,40,42632.0,4,0,1,0,0,33593
2432,41,23460.0,5,1,0,0,0,1820
2433,43,24843.0,5,2,0,1,1,2366
2434,42,40982.0,2,1,0,0,0,28534
2435,33,45253.0,5,1,0,0,0,37821
2436,30,39035.0,3,1,0,0,0,24509
2437,43,17790.0,7,0,0,0,0,252
2438,36,64655.0,2,4,1,0,0,87388
2439,18,49819.0,7,0,0,0,0,48320
2440,38,35360.0,6,2,0,1,0,17815
2441,42,42003.0,4,2,0,0,0,31571
2442,16,26957.0,3,1,0,0,0,4579
2443,30,49748.0,5,0,0,0,0,48102
2444,51,74121.0,6,0,1,0,0,111362
2445,57,50591.0,3,0,1,0,0,49754
2446,39,54926.0,5,2,0,0,0,59443
2447,14,53176.0,7,0,1,0,0,55605
2448,39,19934.0,6,1,0,0,0,859
2449,39,52487.0,6,1,1,0,0,54257
2450,37,39262.0,7,2,0,1,0,24781
2451,40,54348.0,3,0,1,0,0,57846
2452,34,31269.0,4,1,0,0,0,9792
2453,62,21818.0,5,0,0,0,1,1191
2454,41,46642.0,3,1,0,0,0,42395
2455,39,39858.0,5,1,0,0,0,26228
2456,21,31350.0,5,2,0,0,0,9738
2457,64,50796.0,3,0,1,0,1,50038
2458,40,33703.0,4,0,0,0,0,14532
2459,49,29942.0,7,1,0,0,0,7623
2460,18,44703.0,4,1,0,0,0,37242
2461,32,41897.0,2,1,0,0,0,31366
2462,24,51006.0,7,1,0,0,0,51045
2463,40,46575.0,3,0,0,0,0,41223
2464,34,51666.0,6,1,0,0,0,52760
2465,39,41965.0,2,1,0,0,0,31807
2466,56,41306.0,5,0,0,0,1,30532
2467,39,47948.0,3,1,0,0,0,43998
2468,34,42295.0,4,1,0,0,0,32578
2469,30,31872.0,7,1,0,0,0,10697
2470,51,42463.0,4,2,0,0,0,33432
2471,42,41314.0,6,5,0,1,0,30483
2472,48,43215.0,7,1,0,0,0,34777
2473,40,45486.0,5,1,0,0,0,38505
2474,34,54875.0,6,2,1,1,0,59490
2475,43,46045.0,6,1,0,0,0,39824
2476,64,27025.0,6,0,0,0,0,4250
2477,32,38898.0,7,1,0,0,0,24376
2478,55,63172.0,1,1,1,0,0,83065
2479,31,47980.0,5,5,0,1,0,44791
2480,54,50805.0,6,1,1,0,0,50168
2481,30,54352.0,3,0,1,0,0,58566
2482,67,31927.0,1,6,0,0,0,10829
2483,34,41088.0,7,0,0,0,0,29636
2484,38,42412.0,2,0,0,0,0,32956
2485,42,20701.0,7,3,0,1,0,995
2486,36,51513.0,2,0,0,0,0,52507
2487,17,35945.0,7,1,0,0,0,18387
2488,36,54382.0,5,3,1,1,0,58097
2489,56,48456.0,1,0,1,0,1,46250
2490,46,26095.0,1,0,0,0,0,3361
2491,43,40960.0,4,5,0,1,0,28099
2492,54,56308.0,2,0,1,0,0,66127
2493,31,30820.0,6,1,0,0,0,8626
2494,43,72859.0,2,1,1,0,0,109922
2495,53,35361.0,3,1,0,0,0,17784
2496,30,39782.0,7,0,0,0,0,25438
2497,38,42554.0,2,0,0,0,0,33644
2498,22,39732.0,6,1,0,0,0,25343
2499,46,44745.0,6,0,0,0,0,37007
2500,25,32692.0,7,1,0,0,0,13342
2501,41,48081.0,2,1,1,0,0,45913
2502,43,45705.0,4,1,0,0,0,39021
2503,35,37258.0,6,1,0,0,0,20160
2504,31,35362.0,6,0,0,0,0,17976
2505,47,54894.0,5,4,1,1,0,59965
2506,51,44715.0,4,3,0,1,0,37229
2507,28,39961.0,6,1,0,0,0,26499
2508,47,62149.0,6,2,1,0,0,80643
2509,49,64557.0,5,0,1,0,0,85769
2510,34,48016.0,3,1,0,0,0,45056
2511,52,36027.0,4,0,0,0,0,18890
2512,45,43148.0,6,0,0,0,0,34621
2513,54,18819.0,1,0,0,0,1,580
2514,53,36979.0,5,0,0,0,0,19803
2515,38,55631.0,3,3,1,0,0,62851
2516,36,49906.0,6,1,1,0,0,48639
2517,38,35134.0,5,1,0,0,0,16503
2518,47,50589.0,3,1,1,0,0,49662
2519,32,45382.0,6,3,0,1,0,38060
2520,45,23480.0,5,3,0,1,0,1859
2521,18,38189.0,7,0,0,0,0,22673
2522,31,35121.0,6,1,0,0,0,16449
2523,25,47241.0,6,0,0,0,0,43379
2524,39,35852.0,5,0,0,0,0,18374
2525,40,37515.0,5,4,0,1,0,20621
2526,39,31023.0,4,3,0,1,0,9282
2527,40,35382.0,6,0,0,0,0,17457
2528,34,48025.0,5,0,0,0,0,44808
2529,29,26963.0,3,3,0,0,0,4466
2530,25,42078.0,3,1,0,0,0,32022
2531,56,47951.0,1,1,1,0,0,45009
2532,25,37520.0,3,3,0,0,0,20354
2533,43,56724.0,5,3,1,1,0,68041
2534,57,39946.0,6,1,0,0,0,26026
2535,48,45665.0,2,0,0,0,0,39211
2536,24,33640.0,2,0,0,0,0,14366
2537,65,38037.0,2,1,0,0,0,21503
2538,41,45691.0,3,0,0,0,0,39276
2539,38,32921.0,5,0,0,0,0,13546
2540,47,52559.0,5,1,1,0,0,54866
2541,27,50616.0,3,1,0,0,0,49676
2542,41,55499.0,2,1,0,0,0,62188
2543,40,39286.0,2,2,0,0,0,24896
2544,36,50177.0,5,1,0,0,0,49295
2545,31,17751.0,4,2,0,0,0,339
2546,28,55274.0,2,1,1,0,0,60559
2547,25,50140.0,3,3,0,0,0,49127
2548,40,46109.0,6,1,0,0,0,40264
2549,34,17751.0,2,0,0,0,0,281
2550,42,37767.0,5,0,0,0,0,21032
2551,45,42463.0,6,1,0,0,0,33488
2552,46,32162.0,4,1,0,0,0,12184
2553,50,29765.0,5,0,0,0,0,7361
2554,45,31330.0,4,1,0,0,0,9666
2555,45,41630.0,4,0,0,0,0,30922
2556,50,49917.0,6,1,1,0,0,48570
2557,43,51042.0,3,2,1,0,0,50725
2558,36,46645.0,5,2,0,0,0,42340
2559,66,51385.0,3,0,0,0,1,51893
2560,23,37667.0,6,0,0,0,0,20987
2561,42,48041.0,6,0,1,0,0,45634
2562,39,31255.0,3,0,0,0,0,9774
2563,30,38924.0,5,1,0,0,0,24430
2564,44,31622.0,5,3,0,1,0,10242
2565,52,47136.0,2,1,1,0,0,43128
2566,59,45675.0,2,1,0,0,0,39359
2567,52,53151.0,1,2,0,0,0,56119
2568,27,26984.0,4,0,0,0,0,5034
2569,25,50886.0,6,6,0,1,0,50690
2570,35,41103.0,3,0,0,0,0,29771
2571,37,38248.0,5,0,0,0,0,23021
2572,39,32031.0,5,2,0,0,0,11347
2573,52,55031.0,3,4,1,1,0,60150
2574,50,49212.0,5,0,1,0,0,47706
2575,64,54277.0,3,0,1,0,0,57968
2576,59,25223.0,6,0,0,0,1,2648
2577,38,51336.0,7,3,1,1,0,51511
2578,25,25821.0,6,0,0,0,0,3010
2579,27,51984.0,6,1,0,0,0,53621
2580,56,31667.0,5,1,0,0,1,10493
2581,40,41083.0,3,1,0,0,0,29314
2582,18,51044.0,2,0,0,0,0,51064
2583,33,25827.0,6,1,0,0,0,2944
2584,64,26289.0,1,2,0,0,0,3882
2585,23,35416.0,3,2,0,0,0,17631
2586,42,46562.0,3,0,0,0,0,41204
2587,26,74966.0,7,0,1,0,0,112590
2588,22,46582.0,7,1,0,0,0,42364
2589,37,55317.0,6,0,1,0,0,61304
2590,33,46601.0,7,0,0,0,0,40927
2591,15,35036.0,4,2,0,0,0,16221
2592,22,35447.0,4,0,0,0,0,17527
2593,48,49162.0,1,0,1,0,0,47623
2594,52,39906.0,4,1,0,0,0,26378
2595,28,46606.0,2,1,0,0,0,41774
2596,53,53238.0,3,2,1,0,0,56137
2597,76,36427.0,4,0,0,0,1,19229
2598,39,31539.0,4,0,0,0,0,10149
2599,13,39863.0,5,2,0,0,0,26236
2600,52,45445.0,4,0,0,0,0,37940
2601,32,35895.0,3,1,0,0,0,18584
2602,24,25944.0,2,0,0,0,0,3110
2603,67,54590.0,1,1,0,0,1,58806
2604,52,55335.0,3,4,1,1,0,60780
2605,71,35127.0,6,1,0,0,1,16578
2606,44,54953.0,4,1,1,0,0,60298
2607,36,40750.0,3,3,0,0,0,27328
2608,24,47988.0,4,0,0,0,0,44311
2609,35,42168.0,7,0,0,0,0,32093
2610,35,44685.0,3,0,0,0,0,37114
2611,66,61271.0,1,0,1,0,0,78063
2612,36,51746.0,3,0,0,0,0,52924
2613,35,48503.0,5,3,1,1,0,46355
2614,36,40531.0,3,0,0,0,0,27188
2615,52,35403.0,4,3,0,1,0,17605
2616,47,23471.0,4,5,0,1,0,1817
2617,55,51522.0,5,1,1,0,1,51944
2618,67,48710.0,2,1,0,0,1,47174
2619,45,53228.0,5,1,1,0,0,55798
2620,28,35421.0,6,1,0,0,0,17549
2621,52,50901.0,2,1,1,0,0,50331
2622,30,40842.0,6,1,0,0,0,27552
2623,48,49765.0,4,1,1,0,0,48383
2624,51,47968.0,5,0,1,0,0,44344
2625,39,19856.0,3,0,0,0,0,770
2626,43,54395.0,2,1,1,0,0,58387
2627,50,40975.0,6,0,0,0,0,28263
2628,30,51010.0,6,0,0,0,0,50987
2629,46,44486.0,7,0,0,0,0,36835
2630,38,49892.0,2,3,1,0,0,48537
2631,50,65251.0,5,1,1,0,0,90148
2632,38,27942.0,2,0,0,0,0,5451
2633,33,17984.0,6,0,0,0,0,472
2634,46,50881.0,5,4,1,1,0,50313
2635,23,29779.0,7,1,0,0,0,7418
2636,39,55264.0,2,0,1,0,0,61011
2637,33,35895.0,3,2,0,0,0,18582
2638,44,48023.0,5,1,1,0,0,44216
2639,27,17974.0,4,2,0,0,0,462
2640,35,52170.0,3,0,1,0,0,53666
2641,47,29376.0,5,0,0,0,0,7072
2642,36,55259.0,7,1,1,0,0,61839
2643,60,37980.0,4,0,0,0,0,21560
2644,32,42391.0,5,0,0,0,0,33040
2645,56,28511.0,1,0,0,0,0,6539
2646,50,41070.0,4,1,0,0,0,29376
2647,41,51955.0,4,0,1,0,0,53564
2648,24,46576.0,6,4,0,1,0,41139
2649,40,50115.0,3,1,1,0,0,49069
2650,45,39447.0,2,0,0,0,0,25243
2651,37,55497.0,2,4,0,0,0,62397
2652,42,36610.0,5,0,0,0,0,19383
2653,66,41336.0,6,0,0,0,0,30118
2654,33,51762.0,3,3,0,0,0,52992
2655,47,27684.0,2,0,0,0,0,5398
2656,36,35341.0,7,1,0,0,0,16869
2657,22,40953.0,3,0,0,0,0,28664
2658,45,42597.0,3,3,1,0,0,33652
2659,54,30480.0,3,3,0,0,0,8402
2660,52,33926.0,2,0,0,0,0,14656
2661,42,48016.0,7,2,0,1,0,44208
2662,40,28392.0,4,0,0,0,0,6449
2663,37,37284.0,6,0,0,0,0,20149
2664,44,27037.0,6,1,0,0,0,4379
2665,30,35036.0,4,0,0,0,0,16222
2666,36,31891.0,4,1,0,0,0,10708
2667,32,54921.0,7,1,1,0,0,59629
2668,73,32214.0,4,0,0,0,1,12426
2669,18,28232.0,3,3,0,0,0,5615
2670,31,45537.0,5,1,0,0,0,38454
2671,34,46587.0,6,0,0,0,0,41954
2672,34,49807.0,6,2,0,1,0,48225
2673,39,39772.0,5,1,0,0,0,25583
2674,31,37308.0,6,0,0,0,0,20145
2675,19,45309.0,4,0,0,0,0,37778
2676,45,42000.0,7,1,0,0,0,31719
2677,19,32486.0,7,2,0,1,0,13200
2678,53,40775.0,4,1,0,0,0,27530
2679,64,50796.0,3,0,1,0,1,50038
2680,38,44710.0,3,0,0,0,0,37227
2681,39,42820.0,6,1,0,0,0,34560
2682,64,60477.0,5,2,1,0,0,76505
2683,68,35085.0,3,0,0,0,1,16462
2684,43,40988.0,4,0,0,0,0,28543
2685,43,28279.0,6,4,0,1,0,5825
2686,43,53373.0,3,0,1,0,0,56420
2687,33,29956.0,4,1,0,0,0,7754
2688,35,54411.0,7,0,0,0,0,58206
2689,33,35434.0,2,0,0,0,0,18118
2690,40,52649.0,6,1,1,0,0,54930
2691,28,38165.0,2,4,0,0,0,22993
2692,44,35380.0,5,0,0,0,0,17405
2693,26,49226.0,3,4,0,1,0,47642
2694,37,27007.0,2,1,0,0,0,4594
2695,40,45581.0,7,1,0,0,0,38830
2696,32,27050.0,2,2,0,0,0,4868
2697,41,52511.0,7,0,1,0,0,54309
2698,42,35326.0,4,1,0,0,0,17069
2699,36,34954.0,2,0,0,0,0,16016
2700,24,35419.0,5,1,0,0,0,18094
2701,54,32247.0,6,0,0,0,0,12270
2702,41,55314.0,7,0,1,0,0,61803
2703,17,44547.0,3,0,0,0,0,36887
2704,69,37861.0,1,0,0,0,1,21121
2705,32,52673.0,3,0,0,0,0,55227
2706,44,31805.0,7,3,0,1,0,10521
2707,40,37965.0,5,0,0,0,0,21800
2708,31,42299.0,4,2,0,0,0,32763
2709,34,42295.0,4,1,0,0,0,32578
2710,26,52582.0,4,1,0,0,0,54810
2711,33,25453.0,4,1,0,0,0,2796
2712,52,44420.0,4,2,0,0,0,35904
2713,37,37973.0,6,4,0,1,0,21514
2714,33,31926.0,5,0,0,0,0,10532
2715,23,43170.0,6,1,0,0,0,34684
2716,47,76591.0,2,0,1,0,0,114443
2717,25,67864.0,6,1,1,0,0,94736
2718,47,38024.0,4,0,0,0,0,21450
2719,67,33884.0,5,1,0,0,1,14679
2720,51,58694.0,5,1,1,0,0,73490
2721,34,54027.0,3,0,1,0,0,57106
2722,36,52610.0,4,0,0,0,0,54917
2723,48,28736.0,5,1,0,0,0,6620
2724,42,62354.0,5,2,1,0,0,81465
2725,40,36487.0,3,0,0,0,0,19331
2726,47,48050.0,2,3,1,0,0,45637
2727,51,38167.0,6,1,0,0,0,23029
2728,40,55593.0,4,2,0,0,0,62855
2729,33,42534.0,3,0,0,0,0,33363
2730,38,31475.0,6,1,0,0,0,10196
2731,34,53438.0,6,4,1,1,0,56372
2732,35,54921.0,2,0,1,0,0,59609
2733,48,23886.0,4,1,0,0,1,1987
2734,53,27759.0,2,4,0,0,0,5423
2735,43,51475.0,4,2,1,0,0,52398
2736,40,50088.0,5,1,1,0,0,48873
2737,42,41095.0,2,5,0,0,0,29474
2738,30,25099.0,4,2,0,0,0,2597
2739,39,42668.0,3,0,0,0,0,34188
2740,39,54892.0,2,1,1,0,0,60040
2741,52,27138.0,6,0,0,0,0,5077
2742,71,32158.0,2,2,0,0,1,12778
2743,39,38759.0,6,0,0,0,0,23883
2744,50,40918.0,3,2,0,0,0,27979
2745,26,22935.0,7,1,0,0,0,1510
2746,33,41551.0,4,2,0,0,0,30914
2747,42,39931.0,6,0,0,0,0,26457
2748,30,53372.0,6,1,1,0,0,56364
2749,25,34981.0,5,2,0,0,0,16027
2750,42,52715.0,6,0,1,0,0,55198
2751,63,46462.0,5,0,0,0,1,40719
2752,42,40860.0,2,3,0,0,0,27706
2753,58,70944.0,5,0,1,0,0,104380
2754,69,38196.0,2,1,0,0,1,23228
2755,57,44391.0,3,1,0,0,0,36360